eye_timestamp,left_validata,left_eye_openness,left_eye_pupil_diameter,left_eye_origin.x,left_eye_origin.y,left_eye_origin.z,left_eye_gaze.x,left_eye_gaze.y,left_eye_gaze.z,right_validata,right_eye_openness,right_eye_pupil_diameter,right_eye_origin.x,right_eye_origin.y,right_eye_origin.z,right_eye_gaze.x,right_eye_gaze.y,right_eye_gaze.z,combined_eye_origin.x,combined_eye_origin.y,combined_eye_origin.z,combined_eye_gaze.x,combined_eye_gaze.y,combined_eye_gaze.z,gaze_distance,
244471,1,1.0000000000,2.9982760000,-0.0305882900,0.0073644570,-0.0414432200,0.0114900500,-0.1809264000,0.9834296000,1,1.0000000000,3.0978700000,0.0332604200,0.0042729650,-0.0368570300,0.0292666600,-0.1853657000,0.9822337000,0.0332604200,0.0042729650,-0.0368570300,0.0292666600,-0.1853657000,0.9822337000,0.0000000000,
244521,1,1.0000000000,2.9258880000,-0.0306975300,0.0071523590,-0.0404396500,0.0214540700,-0.1618516000,0.9865819000,1,1.0000000000,3.1095430000,0.0330885300,0.0042617650,-0.0368477200,0.0355990200,-0.1802382000,0.9829786000,0.0330885300,0.0042617650,-0.0368477200,0.0355990200,-0.1802382000,0.9829786000,0.0000000000,
244630,1,1.0000000000,2.9218290000,-0.0310756700,0.0068268590,-0.0413834900,0.0299075200,-0.1053782000,0.9939824000,1,1.0000000000,3.0688630000,0.0326633200,0.0042288670,-0.0368785900,0.0416109000,-0.0974125300,0.9943739000,0.0326632900,0.0042288670,-0.0368785900,0.0416109000,-0.0974125300,0.9943739000,0.0000000000,
244663,1,1.0000000000,2.9746860000,-0.0313151000,0.0066707920,-0.0415009900,0.0243685700,-0.1004803000,0.9946406000,1,1.0000000000,2.9868010000,0.0324597500,0.0040217140,-0.0367418700,0.0384828600,-0.0941167000,0.9948171000,0.0317771600,0.0040500640,-0.0367928200,0.0383302800,-0.0941777400,0.9948173000,0.0000000000,
244688,1,1.0000000000,2.9842530000,-0.0314374300,0.0065915230,-0.0413663200,0.0237427700,-0.0926975200,0.9954112000,1,1.0000000000,2.9282680000,0.0323675700,0.0038700560,-0.0364847100,0.0423893400,-0.0999460700,0.9940895000,0.0293072200,0.0040005950,-0.0367188600,0.0414888700,-0.0996099100,0.9941612000,0.0000000000,
244721,1,1.0000000000,3.0282900000,-0.0315214700,0.0065144650,-0.0408368100,0.0201416600,-0.0976870600,0.9950134000,1,1.0000000000,2.8856050000,0.0323157000,0.0039546360,-0.0368630400,0.0359651800,-0.0980840800,0.9945280000,0.0320709400,0.0039644470,-0.0368782700,0.0359042200,-0.0980843000,0.9945302000,0.0000000000,
244763,1,1.0000000000,2.9996490000,-0.0316030300,0.0063233800,-0.0390088400,0.0121613300,-0.0932775600,0.9955659000,1,1.0000000000,2.9502260000,0.0322448400,0.0041053620,-0.0369025000,0.0321812100,-0.1032118000,0.9941387000,0.0322448300,0.0041053620,-0.0369025000,0.0321812100,-0.1032118000,0.9941387000,0.0000000000,
244805,1,1.0000000000,2.8842010000,-0.0319522600,0.0065369420,-0.0392317700,0.0099183610,-0.1015488000,0.9947811000,1,1.0000000000,2.9215700000,0.0319420300,0.0040283810,-0.0366209900,0.0339970400,-0.1119552000,0.9931315000,0.0319420300,0.0040283810,-0.0366209900,0.0339970400,-0.1119552000,0.9931315000,0.0000000000,
244821,1,1.0000000000,2.9357300000,-0.0320698700,0.0065928800,-0.0393248900,0.0094453260,-0.0979475800,0.9951468000,1,1.0000000000,3.0313570000,0.0318035000,0.0040301520,-0.0367250100,0.0292515200,-0.1136796000,0.9930868000,0.0318035000,0.0040301520,-0.0367250100,0.0292515200,-0.1136796000,0.9930868000,0.0000000000,
244863,1,1.0000000000,3.0937500000,-0.0317339200,0.0067589120,-0.0376951900,0.0791023200,0.0095826110,0.9968204000,1,1.0000000000,2.9766080000,0.0317168100,0.0039485020,-0.0350893600,0.1097267000,-0.0219117700,0.9937202000,0.0317168100,0.0039485020,-0.0350893600,0.1097267000,-0.0219117700,0.9937202000,0.0000000000,
244921,1,1.0000000000,2.9629360000,-0.0316743900,0.0086367490,-0.0398276400,0.1768209000,0.1519793000,0.9724385000,1,1.0000000000,2.9720760000,0.0316133000,0.0045730440,-0.0339215200,0.2172555000,0.1691139000,0.9613535000,0.0316112500,0.0045731660,-0.0339217200,0.2172555000,0.1691139000,0.9613535000,0.0000000000,
244971,1,1.0000000000,2.8439180000,-0.0328823700,0.0091667180,-0.0405948300,0.1374840000,0.1190511000,0.9833234000,1,1.0000000000,2.8432920000,0.0307115700,0.0052362370,-0.0351081400,0.1697410000,0.1124893000,0.9790475000,0.0306159400,0.0052421420,-0.0351164000,0.1696941000,0.1124885000,0.9790558000,0.0000000000,
245038,1,1.0000000000,2.7807010000,-0.0333830300,0.0073041080,-0.0370509200,-0.0391086400,-0.1058207000,0.9936159000,1,1.0000000000,2.3068540000,0.0302426900,0.0087622230,-0.0483787200,0.0292665300,-0.1972057000,0.9799252000,-0.0300746000,0.0073799290,-0.0376399400,-0.0355530700,-0.1106112000,0.9932277000,0.0000000000,
245130,1,1.0000000000,2.4550780000,-0.0329125700,0.0062286380,-0.0410156400,-0.0524141700,-0.3068251000,0.9503216000,1,1.0000000000,2.6190800000,0.0302613800,0.0035519870,-0.0370350700,0.0744485900,-0.1424579000,0.9869970000,-0.0320341400,0.0061914220,-0.0409603000,-0.0506750200,-0.3046300000,0.9511218000,0.0000000000,
245163,1,1.0000000000,2.4881290000,-0.0337681600,0.0044541320,-0.0415863700,0.0516971900,-0.0927436700,0.9943470000,1,1.0000000000,2.5723110000,0.0300573700,0.0030220190,-0.0369324800,0.0473028900,-0.1733880000,0.9837170000,-0.0326213200,0.0044284060,-0.0415027500,0.0516363000,-0.0942087800,0.9942124000,0.0000000000,
245205,1,1.0000000000,2.6077420000,-0.0333595500,0.0055627900,-0.0412802800,-0.1249099000,-0.3739057000,0.9190169000,1,1.0000000000,2.5418090000,0.0294334300,0.0017922060,-0.0372220000,0.0962684200,0.0490116000,0.9941480000,0.0285105300,0.0018476260,-0.0372816500,0.0931858500,0.0428773900,0.9947250000,0.0000000000,
245263,1,1.0000000000,2.6208500000,-0.0346831100,0.0039468850,-0.0418450300,0.0805367800,-0.0085450160,0.9967150000,1,1.0000000000,2.5887910000,0.0297264400,0.0028853610,-0.0369415100,-0.0155793100,-0.2481855000,0.9685872000,0.0290067900,0.0028972320,-0.0369962900,-0.0145112200,-0.2456073000,0.9692608000,0.0000000000,
245288,1,1.0000000000,2.6483310000,-0.0335724200,0.0058312840,-0.0411855000,-0.1307384000,-0.3852112000,0.9135205000,1,1.0000000000,2.5861660000,0.0298385000,0.0028747100,-0.0369330600,-0.0142519200,-0.2535285000,0.9672229000,0.0295540900,0.0028879700,-0.0369521300,-0.0147859800,-0.2541387000,0.9670547000,0.0000000000,
245305,1,1.0000000000,2.6667630000,-0.0335726000,0.0059727940,-0.0411422900,-0.1368262000,-0.3784809000,0.9154403000,1,1.0000000000,2.6242370000,0.0296320200,0.0029928440,-0.0369642700,0.0118562700,-0.2445107000,0.9695741000,0.0294442800,0.0030017090,-0.0369766700,0.0114136300,-0.2449354000,0.9694722000,0.0000000000,
245346,1,1.0000000000,2.7032320000,-0.0350029900,0.0045186010,-0.0417073100,-0.0047302280,0.0293426700,0.9995582000,1,1.0000000000,2.7034450000,0.0288060600,0.0022243200,-0.0372082200,0.0186769800,0.0537573600,0.9983793000,-0.0350018000,0.0045185550,-0.0417072300,-0.0047302280,0.0293426700,0.9995582000,0.0000000000,
245363,1,1.0000000000,2.6596220000,-0.0340811500,0.0063914340,-0.0411100500,-0.2007619000,-0.3513829000,0.9144532000,1,1.0000000000,2.6317750000,0.0290851800,0.0034326020,-0.0369544600,-0.0383153400,-0.2015561000,0.9787273000,-0.0340811300,0.0063914340,-0.0411100500,-0.2007619000,-0.3513829000,0.9144532000,0.0000000000,
245371,1,1.0000000000,2.6814270000,-0.0350805400,0.0045644990,-0.0416719400,-0.0031128260,0.0312350800,0.9995072000,1,1.0000000000,2.7158660000,0.0288002900,0.0023273010,-0.0371510900,0.0156557600,0.0335698600,0.9993138000,-0.0350805200,0.0045644990,-0.0416719400,-0.0031128260,0.0312350800,0.9995072000,0.0000000000,
245388,1,1.0000000000,2.7170870000,-0.0345794700,0.0054850310,-0.0413447600,-0.1111453000,-0.1654363000,0.9799376000,1,1.0000000000,2.7125550000,0.0291012600,0.0035096900,-0.0369084600,-0.0478823900,-0.2075972000,0.9770418000,0.0284908200,0.0035286260,-0.0369509900,-0.0484779100,-0.2072023000,0.9770963000,0.0000000000,
245396,1,1.0000000000,2.7297970000,-0.0345779600,0.0054806680,-0.0413419800,-0.1066912000,-0.1742887000,0.9788976000,1,1.0000000000,2.7608800000,0.0291063700,0.0035332640,-0.0369018900,-0.0501559300,-0.2084973000,0.9767360000,0.0274569100,0.0035836950,-0.0370168800,-0.0516208900,-0.2076280000,0.9768448000,0.0000000000,
245455,1,1.0000000000,2.6211090000,-0.0346093300,0.0055152890,-0.0413400300,-0.1016857000,-0.1830007000,0.9778398000,1,1.0000000000,2.8408810000,0.0291428700,0.0036804960,-0.0368629300,-0.0530095100,-0.2147541000,0.9752285000,0.0262094000,0.0037649230,-0.0370689400,-0.0552523200,-0.2133035000,0.9754223000,0.0000000000,
245488,1,1.0000000000,2.7393950000,-0.0344635000,0.0053580170,-0.0414697500,-0.1530008000,-0.1277016000,0.9799404000,1,1.0000000000,2.6551670000,0.0290576200,0.0037498170,-0.0368612400,-0.0520180200,-0.2152438000,0.9751739000,0.0281015300,0.0037740180,-0.0369306100,-0.0535585800,-0.2139444000,0.9753765000,0.0000000000,
245554,1,1.0000000000,-1.0000000000,-0.0338174100,0.0059192970,-0.0412491600,0.0000000000,0.0000000000,0.0000000000,1,1.0000000000,-1.0000000000,0.0293629500,0.0039468540,-0.0367016900,0.0000000000,0.0000000000,0.0000000000,0.0010000000,-0.0010000000,-0.0010000000,0.5773503000,-0.5773503000,-0.5773503000,0.0000000000,
245754,1,0.9275269000,-1.0000000000,-0.0345286900,0.0051764220,-0.0414479400,0.0000000000,0.0000000000,0.0000000000,1,0.9275269000,-1.0000000000,0.0292001000,0.0030912480,-0.0368240100,0.0000000000,0.0000000000,0.0000000000,0.0010000000,-0.0010000000,-0.0010000000,0.5773503000,-0.5773503000,-0.5773503000,0.0000000000,
245821,1,0.6018515000,-1.0000000000,-0.0345506100,0.0050867160,-0.0414293700,0.0000000000,0.0000000000,0.0000000000,1,0.6018515000,-1.0000000000,0.0289092100,0.0027129210,-0.0369472800,0.0000000000,0.0000000000,0.0000000000,0.0010000000,-0.0010000000,-0.0010000000,0.5773503000,-0.5773503000,-0.5773503000,0.0000000000,
245863,1,1.0000000000,-1.0000000000,-0.0350449700,0.0047611700,-0.0417233900,0.0000000000,0.0000000000,0.0000000000,1,1.0000000000,-1.0000000000,0.0282896000,0.0023114020,-0.0372733200,0.0000000000,0.0000000000,0.0000000000,0.0010000000,-0.0010000000,-0.0010000000,0.5773503000,-0.5773503000,-0.5773503000,0.0000000000,
245946,1,1.0000000000,-1.0000000000,-0.0338659700,0.0055747840,-0.0412253100,0.0000000000,0.0000000000,0.0000000000,1,1.0000000000,-1.0000000000,0.0297713200,0.0032619330,-0.0367273000,0.0000000000,0.0000000000,0.0000000000,0.0010000000,-0.0010000000,-0.0010000000,0.5773503000,-0.5773503000,-0.5773503000,0.0000000000,
246013,1,1.0000000000,-1.0000000000,-0.0310290100,0.0061969450,-0.0410096000,0.0000000000,0.0000000000,0.0000000000,1,1.0000000000,-1.0000000000,0.0326552300,0.0043954320,-0.0370252400,0.0000000000,0.0000000000,0.0000000000,0.0010000000,-0.0010000000,-0.0010000000,0.5773503000,-0.5773503000,-0.5773503000,0.0000000000,
246071,1,1.0000000000,-1.0000000000,-0.0322659800,0.0060166170,-0.0407224000,0.0000000000,0.0000000000,0.0000000000,1,1.0000000000,-1.0000000000,0.0312061200,0.0039499670,-0.0369341400,0.0000000000,0.0000000000,0.0000000000,0.0010000000,-0.0010000000,-0.0010000000,0.5773503000,-0.5773503000,-0.5773503000,0.0000000000,
246096,1,1.0000000000,-1.0000000000,-0.0329440600,0.0058058630,-0.0411161100,0.0000000000,0.0000000000,0.0000000000,1,1.0000000000,-1.0000000000,0.0305077100,0.0037779700,-0.0366948700,0.0000000000,0.0000000000,0.0000000000,0.0010000000,-0.0010000000,-0.0010000000,0.5773503000,-0.5773503000,-0.5773503000,0.0000000000,
246138,1,1.0000000000,-1.0000000000,-0.0327980100,0.0053862160,-0.0412119800,0.0000000000,0.0000000000,0.0000000000,1,1.0000000000,-1.0000000000,0.0307622600,0.0037863310,-0.0363074800,0.0000000000,0.0000000000,0.0000000000,0.0010000000,-0.0010000000,-0.0010000000,0.5773503000,-0.5773503000,-0.5773503000,0.0000000000,
246146,1,1.0000000000,-1.0000000000,-0.0327727500,0.0053144680,-0.0412313600,0.0000000000,0.0000000000,0.0000000000,1,1.0000000000,-1.0000000000,0.0308014100,0.0039330900,-0.0367232700,0.0000000000,0.0000000000,0.0000000000,0.0010000000,-0.0010000000,-0.0010000000,0.5773503000,-0.5773503000,-0.5773503000,0.0000000000,
246154,1,1.0000000000,-1.0000000000,-0.0327573400,0.0052436990,-0.0412508700,0.0000000000,0.0000000000,0.0000000000,1,1.0000000000,-1.0000000000,0.0308462800,0.0039056550,-0.0365689400,0.0000000000,0.0000000000,0.0000000000,0.0010000000,-0.0010000000,-0.0010000000,0.5773503000,-0.5773503000,-0.5773503000,0.0000000000,
246163,1,1.0000000000,3.0081940000,-0.0327481100,0.0051836250,-0.0412648700,-0.0500643300,-0.2025004000,0.9780016000,1,1.0000000000,3.0632780000,0.0308742100,0.0038884130,-0.0365585300,-0.0399173500,-0.2035540000,0.9782497000,-0.0226190500,0.0049774170,-0.0405155800,-0.0484469300,-0.2026684000,0.9780483000,0.0000000000,
246171,1,1.0000000000,3.0233920000,-0.0327247000,0.0051278080,-0.0412799700,-0.0406192100,-0.2007614000,0.9787977000,1,1.0000000000,3.1032100000,0.0309196800,0.0038802950,-0.0365522500,-0.0316010200,-0.2137303000,0.9763814000,-0.0224785200,0.0049269720,-0.0405188500,-0.0391547400,-0.2028539000,0.9784259000,0.0000000000,
246179,1,1.0000000000,3.0186160000,-0.0326827600,0.0050827640,-0.0412929500,-0.0399937600,-0.1957421000,0.9798396000,1,1.0000000000,2.9917450000,0.0309660000,0.0038004150,-0.0363411700,-0.0211487300,-0.2052922000,0.9784722000,-0.0219429500,0.0048663790,-0.0404574200,-0.0368198300,-0.1973592000,0.9796395000,0.0000000000,
246188,1,1.0000000000,2.9830780000,-0.0326240400,0.0050393220,-0.0413019300,-0.0367740100,-0.1947039000,0.9801725000,1,1.0000000000,3.0634920000,0.0310436900,0.0037502440,-0.0362516900,-0.0207216400,-0.2054464000,0.9784489000,-0.0258566900,0.0049022980,-0.0407651200,-0.0350650000,-0.1958635000,0.9800041000,0.0000000000,
246196,1,1.0000000000,2.8757170000,-0.0325674500,0.0049969940,-0.0413094600,-0.0290223500,-0.1958017000,0.9802139000,1,1.0000000000,2.9744570000,0.0311133600,0.0036884160,-0.0361143400,-0.0146943000,-0.2029889000,0.9790708000,-0.0288771100,0.0049211580,-0.0410083900,-0.0281984500,-0.1962142000,0.9801555000,0.0000000000,
246213,1,1.0000000000,2.9054720000,-0.0324215400,0.0049478610,-0.0413183900,-0.0168612100,-0.1957273000,0.9805134000,1,1.0000000000,2.9730380000,0.0312605600,0.0036670080,-0.0361042400,0.0034485380,-0.1974822000,0.9803004000,-0.0316731100,0.0049328160,-0.0412571100,-0.0166170300,-0.1957574000,0.9805115000,0.0000000000,
246221,1,1.0000000000,2.8418580000,-0.0323468900,0.0049450230,-0.0413126100,-0.0160523500,-0.1918958000,0.9812840000,1,1.0000000000,3.0835720000,0.0313312100,0.0036770940,-0.0361213100,0.0017242560,-0.1947952000,0.9808425000,-0.0315770300,0.0049296880,-0.0412498300,-0.0158386400,-0.1919406000,0.9812788000,0.0000000000,
246229,1,1.0000000000,2.8036650000,-0.0322938700,0.0049436040,-0.0413082900,-0.0107575700,-0.1967034000,0.9804040000,1,1.0000000000,3.0721440000,0.0314052000,0.0037288060,-0.0362367900,-0.0005340623,-0.1976183000,0.9802789000,-0.0317043000,0.0049323580,-0.0412613600,-0.0106660000,-0.1967182000,0.9804021000,0.0000000000,
246246,1,1.0000000000,2.7766110000,-0.0322567100,0.0049487460,-0.0413042500,-0.0046539350,-0.1891634000,0.9819346000,1,1.0000000000,3.0515590000,0.0314444300,0.0036166380,-0.0357274600,0.0062256940,-0.1968723000,0.9804094000,-0.0317695000,0.0049385530,-0.0412615800,-0.0045624000,-0.1892252000,0.9819232000,0.0000000000,
246254,1,1.0000000000,2.8945470000,-0.0322680500,0.0049570310,-0.0412995000,0.0034180100,-0.1975732000,0.9802822000,1,1.0000000000,2.9627690000,0.0314352600,0.0035810550,-0.0354805900,0.0213776600,-0.1989755000,0.9797713000,-0.0321454800,0.0049543760,-0.0412883000,0.0034485170,-0.1975878000,0.9802791000,0.0000000000,
246279,1,1.0000000000,2.8973240000,-0.0323564900,0.0050140840,-0.0412744200,0.0070038970,-0.1940186000,0.9809728000,1,1.0000000000,2.9700620000,0.0313559600,0.0036817170,-0.0355955100,0.0190127200,-0.1950711000,0.9806048000,-0.0323460300,0.0050138550,-0.0412734900,0.0070038970,-0.1940186000,0.9809728000,0.0000000000,
246296,1,1.0000000000,2.9149020000,-0.0324575700,0.0051072540,-0.0412376000,0.0041199410,-0.1985201000,0.9800882000,1,1.0000000000,3.0133060000,0.0312534200,0.0036807560,-0.0352908500,0.0274204500,-0.1768520000,0.9838554000,-0.0324377300,0.0051068120,-0.0412357300,0.0041198790,-0.1985171000,0.9800888000,0.0000000000,
246304,1,1.0000000000,2.9476620000,-0.0324843300,0.0051682590,-0.0412107900,0.0024261630,-0.1948712000,0.9808258000,1,1.0000000000,2.9829710000,0.0311992500,0.0038478850,-0.0357494700,0.0301211100,-0.1804825000,0.9831169000,-0.0323989000,0.0051664890,-0.0412034600,0.0024566880,-0.1948565000,0.9808287000,0.0000000000,
246313,1,1.0000000000,2.8824920000,-0.0325415800,0.0052343290,-0.0411768800,-0.0027923740,-0.1949473000,0.9808097000,1,1.0000000000,3.0590520000,0.0311482900,0.0037756960,-0.0354101600,0.0305940700,-0.1759502000,0.9839235000,-0.0320838000,0.0052238470,-0.0411354400,-0.0025482250,-0.1948095000,0.9808378000,0.0000000000,
246321,1,1.0000000000,2.8726040000,-0.0326038400,0.0052870340,-0.0411371300,0.0104980800,-0.1878821000,0.9821355000,1,1.0000000000,2.8990170000,0.0311168500,0.0038052060,-0.0353738700,0.0334626400,-0.1802527000,0.9830509000,-0.0259889100,0.0051331940,-0.0405388400,0.0128784800,-0.1870889000,0.9822586000,0.0000000000,
246329,1,1.0000000000,2.9265290000,-0.0325991100,0.0053470000,-0.0410887000,0.0027618810,-0.1781032000,0.9840080000,1,1.0000000000,2.9683070000,0.0310846100,0.0039222570,-0.0356048900,0.0254672200,-0.1818411000,0.9829981000,-0.0204218800,0.0050745700,-0.0400401200,0.0070954460,-0.1788205000,0.9838561000,0.0000000000,
246338,1,1.0000000000,2.9629060000,-0.0326612400,0.0053740690,-0.0410248300,0.0147706500,-0.1836871000,0.9828738000,1,1.0000000000,2.9951170000,0.0310543400,0.0040089120,-0.0358026700,0.0296633600,-0.1866778000,0.9819732000,-0.0266398600,0.0052450560,-0.0405313100,0.0161745200,-0.1839622000,0.9828002000,0.0000000000,
246346,1,1.0000000000,2.9120480000,-0.0326826600,0.0053780520,-0.0409178200,0.0121766100,-0.1827407000,0.9830858000,1,1.0000000000,3.0377960000,0.0310250700,0.0039670410,-0.0355876200,0.0316472000,-0.1820095000,0.9827874000,-0.0230331300,0.0051643370,-0.0401104800,0.0151217200,-0.1826356000,0.9830644000,0.0000000000,
246354,1,1.0000000000,2.9376830000,-0.0327038100,0.0053264010,-0.0406558000,0.0138550100,-0.1766361000,0.9841787000,1,1.0000000000,3.0225070000,0.0310055300,0.0039593810,-0.0355029800,0.0319523000,-0.1801475000,0.9831206000,0.0046929470,0.0045239720,-0.0376311400,0.0244751700,-0.1786962000,0.9835998000,0.0000000000,
246363,1,1.0000000000,2.9886630000,-0.0327248400,0.0052999270,-0.0405211500,0.0096894000,-0.1748364000,0.9845498000,1,1.0000000000,3.0521700000,0.0309899900,0.0039423830,-0.0354148600,0.0273133300,-0.1803748000,0.9832187000,0.0197378200,0.0041821290,-0.0363166400,0.0242005400,-0.1793983000,0.9834788000,0.0000000000,
246371,1,1.0000000000,2.9822690000,-0.0327372600,0.0053199310,-0.0405972600,0.0090943230,-0.1768205000,0.9842011000,1,1.0000000000,3.0447240000,0.0309767300,0.0039507600,-0.0354308000,0.0301976500,-0.1768981000,0.9837658000,0.0276473300,0.0040223090,-0.0357007800,0.0290986300,-0.1768959000,0.9837993000,0.0000000000,
246379,1,1.0000000000,2.9546050000,-0.0327501900,0.0053018040,-0.0405701000,0.0053253980,-0.1721217000,0.9850613000,1,1.0000000000,2.9620510000,0.0309657200,0.0039971470,-0.0355892500,0.0268862900,-0.1808950000,0.9831349000,0.0296821000,0.0040234380,-0.0356895900,0.0264437000,-0.1807266000,0.9831778000,0.0000000000,
246388,1,1.0000000000,2.9245910000,-0.0327740600,0.0052627870,-0.0405784500,0.0089417170,-0.1647809000,0.9862896000,1,1.0000000000,2.9752350000,0.0309277000,0.0040024570,-0.0356803900,0.0256349000,-0.1764078000,0.9839833000,0.0298509500,0.0040237580,-0.0357631900,0.0253605400,-0.1762115000,0.9840255000,0.0000000000,
246396,1,1.0000000000,2.9426120000,-0.0328287100,0.0052549290,-0.0409336400,-0.0097199940,-0.1795376000,0.9837031000,1,1.0000000000,3.0333710000,0.0308000800,0.0039420170,-0.0358971900,0.0109711500,-0.1807569000,0.9834666000,0.0274375800,0.0040113990,-0.0361633500,0.0098878400,-0.1806972000,0.9834891000,0.0000000000,
246413,1,1.0000000000,2.9360350000,-0.0330125600,0.0050529180,-0.0411087300,-0.0466621300,-0.2160527000,0.9752660000,1,1.0000000000,2.9666440000,0.0303816200,0.0037261960,-0.0360849300,-0.0256351100,-0.2178527000,0.9756449000,0.0195564300,0.0039527430,-0.0369427900,-0.0292209200,-0.2175470000,0.9756123000,0.0000000000,
246438,1,1.0000000000,3.0114440000,-0.0333738300,0.0049943390,-0.0411436200,-0.0627295900,-0.2352627000,0.9699054000,1,1.0000000000,2.9986720000,0.0301326600,0.0036283420,-0.0359633300,-0.0545352800,-0.2495745000,0.9668187000,0.0113814700,0.0040316620,-0.0374928900,-0.0569468300,-0.2453505000,0.9677604000,0.0000000000,
246454,1,1.0000000000,3.0368500000,-0.0335041400,0.0050365600,-0.0411385700,-0.0609291200,-0.2349121000,0.9701052000,1,1.0000000000,3.1008760000,0.0300227400,0.0036336210,-0.0359815800,-0.0552679200,-0.2424342000,0.9685923000,0.0067635040,0.0041472780,-0.0378697200,-0.0573430300,-0.2396872000,0.9691552000,0.0000000000,
246479,1,1.0000000000,2.8989110000,-0.0336086200,0.0051444250,-0.0411212900,-0.0630959700,-0.2211182000,0.9732038000,1,1.0000000000,3.0633240000,0.0299532000,0.0036605530,-0.0359712200,-0.0632024800,-0.2336294000,0.9702694000,0.0099322970,0.0041279450,-0.0375934200,-0.0631716800,-0.2296916000,0.9712112000,0.0000000000,
246488,1,1.0000000000,2.9258580000,-0.0336348300,0.0051912840,-0.0411169600,-0.0667574300,-0.2068488000,0.9760928000,1,1.0000000000,2.9618230000,0.0299444400,0.0036625670,-0.0359668400,-0.0572972700,-0.2243062000,0.9728329000,0.0152489500,0.0040159150,-0.0371572300,-0.0594942500,-0.2202767000,0.9736214000,0.0000000000,
246496,1,1.0000000000,2.9162900000,-0.0336392800,0.0052410280,-0.0411010000,-0.0598917000,-0.2130466000,0.9752046000,1,1.0000000000,2.9697570000,0.0299480800,0.0036899870,-0.0359552000,-0.0612191000,-0.2275269000,0.9718456000,0.0179143200,0.0039835210,-0.0369290300,-0.0609594300,-0.2247946000,0.9724975000,0.0000000000,
246504,1,1.0000000000,2.9935910000,-0.0336377700,0.0053037420,-0.0410884100,-0.0644388300,-0.2068818000,0.9762415000,1,1.0000000000,2.8832700000,0.0299560400,0.0037216650,-0.0359640400,-0.0625465500,-0.2142513000,0.9747740000,0.0230283800,0.0038940130,-0.0365222700,-0.0627597100,-0.2134563000,0.9749347000,0.0000000000,
246513,1,1.0000000000,2.9961550000,-0.0336403400,0.0053576660,-0.0410766900,-0.0716563900,-0.2010377000,0.9769592000,1,1.0000000000,3.0084990000,0.0299561800,0.0037945860,-0.0360692300,-0.0630195000,-0.2075523000,0.9761919000,0.0166257800,0.0041222230,-0.0371188400,-0.0648353800,-0.2061945000,0.9763607000,0.0000000000,
246529,1,1.0000000000,3.0544430000,-0.0336635600,0.0054840860,-0.0410580300,-0.0765234900,-0.1973894000,0.9773339000,1,1.0000000000,3.0152130000,0.0299586500,0.0038862760,-0.0360277700,-0.0694128000,-0.1825882000,0.9807361000,0.0020838930,0.0045863340,-0.0382316700,-0.0725261000,-0.1890897000,0.9792778000,0.0000000000,
246554,1,1.0000000000,2.9323430000,-0.0336405800,0.0056160890,-0.0409871900,-0.0773477700,-0.1809257000,0.9804505000,1,1.0000000000,3.0782620000,0.0299637600,0.0038747870,-0.0358720700,-0.0723274500,-0.1864797000,0.9797928000,0.0053114780,0.0045496830,-0.0378546300,-0.0742655400,-0.1843287000,0.9800549000,0.0000000000,
246563,1,1.0000000000,2.9505160000,-0.0336427000,0.0056555630,-0.0409722600,-0.0809330900,-0.1743937000,0.9813443000,1,1.0000000000,3.1525730000,0.0299543500,0.0039252320,-0.0359423700,-0.0703586600,-0.1833048000,0.9805350000,0.0051583410,0.0045998690,-0.0379034900,-0.0744786500,-0.1798413000,0.9808721000,0.0000000000,
246571,1,1.0000000000,2.9606930000,-0.0336395900,0.0056645510,-0.0409504400,-0.0842900400,-0.1676035000,0.9822445000,1,1.0000000000,3.1179500000,0.0299552500,0.0039463810,-0.0359717600,-0.0727390600,-0.1763621000,0.9816341000,0.0055893710,0.0046046910,-0.0378793000,-0.0771641400,-0.1730052000,0.9818935000,0.0000000000,
246579,1,1.0000000000,2.9354250000,-0.0336341900,0.0056567690,-0.0409348600,-0.0827950300,-0.1614091000,0.9834084000,1,1.0000000000,3.1099400000,0.0299581300,0.0039414060,-0.0359529700,-0.0751042600,-0.1731274000,0.9820317000,0.0079318550,0.0045355530,-0.0376785300,-0.0777742300,-0.1690678000,0.9825310000,0.0000000000,
246596,1,1.0000000000,2.9152680000,-0.0336256600,0.0056448980,-0.0409654300,-0.0944229900,-0.1582058000,0.9828811000,1,1.0000000000,3.1546330000,0.0299606500,0.0039057160,-0.0358636800,-0.0921949000,-0.1664300000,0.9817338000,0.0054423520,0.0045763240,-0.0378308700,-0.0930486600,-0.1632700000,0.9821837000,0.0000000000,
246613,1,1.0000000000,2.9234470000,-0.0336509300,0.0056122140,-0.0409419700,-0.1006018000,-0.1441659000,0.9844264000,1,1.0000000000,3.1195980000,0.0299317000,0.0039724120,-0.0361568600,-0.0897676900,-0.1573033000,0.9834620000,0.0051604160,0.0046112670,-0.0380211100,-0.0939955500,-0.1521934000,0.9838709000,0.0000000000,
246629,1,1.0000000000,2.9654850000,-0.0337002600,0.0056523440,-0.0410028700,-0.0980232100,-0.1449901000,0.9845656000,1,1.0000000000,3.1389470000,0.0298943200,0.0041016240,-0.0366484100,-0.1036534000,-0.1510168000,0.9830818000,-0.0299112600,0.0055599520,-0.0407434300,-0.0983595100,-0.1453420000,0.9844801000,0.0000000000,
246646,1,1.0000000000,2.9356080000,-0.0337560700,0.0056588900,-0.0410238200,-0.1142292000,-0.1274436000,0.9852461000,1,1.0000000000,3.1752930000,0.0298613800,0.0039561310,-0.0362691100,-0.1163790000,-0.1376955000,0.9836137000,-0.0320480200,0.0056131750,-0.0408961700,-0.1142889000,-0.1277167000,0.9852038000,0.0000000000,
246654,1,1.0000000000,3.0635530000,-0.0337604700,0.0056604460,-0.0410266300,-0.1113143000,-0.1249558000,0.9858981000,1,1.0000000000,3.1323850000,0.0298677700,0.0038930360,-0.0361588300,-0.1200573000,-0.1382918000,0.9830878000,-0.0325952900,0.0056280820,-0.0409374900,-0.1114666000,-0.1251997000,0.9858500000,0.0000000000,
246663,1,1.0000000000,3.0610810000,-0.0336492200,0.0055934000,-0.0408919500,-0.1026007000,-0.1217048000,0.9872493000,1,1.0000000000,3.2114410000,0.0299770100,0.0036189580,-0.0355544000,-0.1191868000,-0.1253513000,0.9849272000,-0.0332989400,0.0055825200,-0.0408625700,-0.1026924000,-0.1217356000,0.9872359000,0.0000000000,
246671,1,1.0000000000,3.0273900000,-0.0333471100,0.0056673430,-0.0412797000,-0.0793306600,-0.1392216000,0.9870785000,1,1.0000000000,3.1709590000,0.0302005900,0.0037928010,-0.0364024100,-0.0765239300,-0.1369038000,0.9876241000,-0.0329627200,0.0056560060,-0.0412501800,-0.0793156700,-0.1392068000,0.9870818000,0.0000000000,
246679,1,1.0000000000,2.9977570000,-0.0329679300,0.0056961520,-0.0415772000,-0.0436709900,-0.1348277000,0.9899063000,1,1.0000000000,3.1163180000,0.0305507700,0.0037405550,-0.0365749800,-0.0401616200,-0.1413286000,0.9891478000,-0.0309903900,0.0056352690,-0.0414214700,-0.0435493000,-0.1350272000,0.9898844000,0.0000000000,
246688,1,1.0000000000,3.0453490000,-0.0325737800,0.0056080170,-0.0416026500,-0.0026397930,-0.1411602000,0.9899833000,1,1.0000000000,3.1106110000,0.0309075900,0.0037939760,-0.0371281800,0.0081330340,-0.1452502000,0.9893615000,-0.0310997000,0.0055659030,-0.0414987500,-0.0023956570,-0.1412522000,0.9899707000,0.0000000000,
246713,1,1.0000000000,2.9695890000,-0.0317942500,0.0051656040,-0.0412504600,0.0704813600,-0.1286640000,0.9891804000,1,1.0000000000,3.0081020000,0.0316491600,0.0032382200,-0.0363148700,0.0902720100,-0.1254286000,0.9879872000,-0.0283744800,0.0050617070,-0.0409844100,0.0715489800,-0.1284799000,0.9891278000,0.0000000000,
246746,1,1.0000000000,2.9915470000,-0.0317155300,0.0047964330,-0.0413050900,0.0533450800,-0.1273355000,0.9904242000,1,1.0000000000,3.1285860000,0.0318320800,0.0030480650,-0.0363725300,0.0811929600,-0.1471575000,0.9857750000,-0.0222300700,0.0045354620,-0.0405688400,0.0575110600,-0.1303116000,0.9898037000,0.0000000000,
246754,1,1.0000000000,2.9800260000,-0.0317192300,0.0047098540,-0.0413349800,0.0440677900,-0.1177989000,0.9920592000,1,1.0000000000,3.1364750000,0.0318241600,0.0029887090,-0.0363858300,0.0779727900,-0.1385657000,0.9872790000,-0.0216847100,0.0044380650,-0.0405534200,0.0494240000,-0.1210957000,0.9914097000,0.0000000000,
246763,1,1.0000000000,3.0851440000,-0.0317592800,0.0046035310,-0.0413556500,0.0483096400,-0.1188515000,0.9917361000,1,1.0000000000,3.1387330000,0.0318232300,0.0029254000,-0.0364027300,0.0684510900,-0.1358646000,0.9883599000,-0.0216717700,0.0043372960,-0.0405698600,0.0515139800,-0.1215522000,0.9912474000,0.0000000000,
246779,1,1.0000000000,3.0526430000,-0.0318941400,0.0044380500,-0.0413869400,0.0502174000,-0.1340656000,0.9896993000,1,1.0000000000,3.0187230000,0.0316890300,0.0027394720,-0.0364270200,0.0610810700,-0.1202548000,0.9908622000,-0.0250256100,0.0042545630,-0.0408511400,0.0513917500,-0.1325688000,0.9898406000,0.0000000000,
246788,1,1.0000000000,3.0140380000,-0.0320045500,0.0043461160,-0.0414066500,0.0487980000,-0.1345226000,0.9897083000,1,1.0000000000,3.0556790000,0.0315988600,0.0026700590,-0.0364489000,0.0668338500,-0.1137243000,0.9912618000,-0.0254281900,0.0041728210,-0.0408940300,0.0506593900,-0.1323858000,0.9899028000,0.0000000000,
246796,1,1.0000000000,2.9645690000,-0.0320989900,0.0042527920,-0.0414305700,0.0347443600,-0.1340946000,0.9903593000,1,1.0000000000,3.0410310000,0.0314951400,0.0025839390,-0.0364625000,0.0551609900,-0.1110086000,0.9922875000,-0.0217575200,0.0039814150,-0.0406226800,0.0380711900,-0.1303576000,0.9907358000,0.0000000000,
246813,1,1.0000000000,3.0043030000,-0.0323025100,0.0040772860,-0.0414674200,0.0332796800,-0.1210489000,0.9920885000,1,1.0000000000,3.0312960000,0.0312989200,0.0024594420,-0.0364673600,0.0505677700,-0.1400761000,0.9888486000,-0.0219436200,0.0038137970,-0.0406530600,0.0361027500,-0.1241623000,0.9916049000,0.0000000000,
246821,1,1.0000000000,2.8998410000,-0.0323842700,0.0040237880,-0.0414880700,0.0360721100,-0.1216137000,0.9919218000,1,1.0000000000,2.9137730000,0.0312116400,0.0024136200,-0.0364767900,0.0531161000,-0.1542213000,0.9866076000,-0.0206971000,0.0037278900,-0.0405671400,0.0392153200,-0.1276100000,0.9910489000,0.0000000000,
246829,1,1.0000000000,3.0164490000,-0.0324572300,0.0039334110,-0.0414977700,0.0189363400,-0.1268628000,0.9917395000,1,1.0000000000,3.0412450000,0.0311438800,0.0023503270,-0.0364910000,0.0503085300,-0.1489114000,0.9875700000,0.0085490880,0.0029127200,-0.0382697000,0.0391696400,-0.1410992000,0.9892203000,0.0000000000,
246879,1,1.0000000000,2.9720610000,-0.0325029300,0.0045554960,-0.0412442600,-0.0020752110,-0.3192010000,0.9476848000,1,1.0000000000,3.0382080000,0.0310472600,0.0021364140,-0.0365299700,0.0237735700,-0.1333487000,0.9907840000,0.0082040720,0.0030059510,-0.0382245300,0.0145417100,-0.2010051000,0.9794822000,0.0000000000,
246888,1,1.0000000000,3.0526120000,-0.0324845300,0.0045610050,-0.0412407100,-0.0044250580,-0.3237769000,0.9461231000,1,1.0000000000,3.0090940000,0.0310655500,0.0021290130,-0.0365447600,0.0216981400,-0.1389780000,0.9900578000,0.0109491900,0.0028988500,-0.0380312400,0.0134737200,-0.1982605000,0.9800568000,0.0000000000,
246896,1,1.0000000000,2.9339290000,-0.0324631100,0.0045761720,-0.0412370500,-0.0165102100,-0.3241159000,0.9458733000,1,1.0000000000,2.8659210000,0.0310991800,0.0021581120,-0.0365550400,0.0186618100,-0.1329063000,0.9909528000,0.0146895000,0.0027823790,-0.0377637800,0.0096131230,-0.1829698000,0.9830715000,0.0000000000,
246913,1,1.0000000000,3.0014190000,-0.0326216700,0.0043052830,-0.0414007000,0.0115205000,-0.2567470000,0.9664100000,1,1.0000000000,3.0648650000,0.0311065800,0.0022522890,-0.0365526300,0.0030517860,-0.1455702000,0.9893432000,0.0141528300,0.0027984470,-0.0378423600,0.0053100930,-0.1753704000,0.9844882000,0.0000000000,
246921,1,1.0000000000,3.0392610000,-0.0325716400,0.0047437740,-0.0412393100,-0.0108033000,-0.3304467000,0.9437628000,1,1.0000000000,3.0096590000,0.0310657700,0.0023564150,-0.0365875900,0.0108185100,-0.1519474000,0.9883294000,0.0187706100,0.0028176730,-0.0374863300,0.0066528590,-0.1869362000,0.9823495000,0.0000000000,
246929,1,1.0000000000,3.0451200000,-0.0326233400,0.0048108670,-0.0411418000,-0.0137483300,-0.3396798000,0.9404406000,1,1.0000000000,3.0935520000,0.0310356200,0.0024237520,-0.0365852500,0.0051116980,-0.1583711000,0.9873664000,0.0234440200,0.0027084200,-0.0371286300,0.0028686680,-0.1803293000,0.9836021000,0.0000000000,
246938,1,1.0000000000,2.9654690000,-0.0326953900,0.0040327610,-0.0414593800,-0.0138246600,-0.1490194000,0.9887376000,1,1.0000000000,2.9978490000,0.0309772200,0.0026678010,-0.0371386000,-0.0051117660,-0.1580985000,0.9874101000,0.0047584230,0.0032298590,-0.0389177900,-0.0086976470,-0.1543603000,0.9879764000,0.0000000000,
246946,1,1.0000000000,3.0089870000,-0.0327515600,0.0041348580,-0.0414387100,-0.0260469000,-0.1397561000,0.9898433000,1,1.0000000000,2.9686890000,0.0308882800,0.0028553620,-0.0375422500,-0.0073548320,-0.1468372000,0.9891334000,-0.0319441900,0.0041186220,-0.0413892800,-0.0258182900,-0.1398338000,0.9898383000,0.0000000000,
246954,1,1.0000000000,3.0919490000,-0.0328819300,0.0042531890,-0.0414296300,-0.0247804000,-0.1463173000,0.9889273000,1,1.0000000000,2.9465330000,0.0307918900,0.0029964140,-0.0376673300,-0.0189516600,-0.1506824000,0.9884006000,-0.0328680600,0.0042529150,-0.0414288000,-0.0247804000,-0.1463173000,0.9889273000,0.0000000000,
246963,1,1.0000000000,3.0905610000,-0.0329927700,0.0043596650,-0.0414150400,-0.0254823200,-0.1539315000,0.9877529000,1,1.0000000000,2.9059750000,0.0306786400,0.0030620580,-0.0376276400,-0.0121766900,-0.1447469000,0.9893938000,-0.0329916400,0.0043596500,-0.0414149600,-0.0254823200,-0.1539315000,0.9877529000,0.0000000000,
246971,1,1.0000000000,3.0180820000,-0.0330988500,0.0044818420,-0.0413890300,-0.0335240800,-0.1531091000,0.9876405000,1,1.0000000000,2.8673100000,0.0305784200,0.0031033330,-0.0374604200,-0.0126344000,-0.1415724000,0.9898472000,-0.0330981900,0.0044818270,-0.0413890000,-0.0335240800,-0.1531091000,0.9876405000,0.0000000000,
246979,1,1.0000000000,2.9272920000,-0.0331931900,0.0046308140,-0.0414471400,-0.0354771800,-0.1540549000,0.9874251000,1,1.0000000000,2.8751680000,0.0304845900,0.0032149810,-0.0375100000,-0.0192264100,-0.1498134000,0.9885274000,-0.0331922000,0.0046307830,-0.0414470800,-0.0354771800,-0.1540549000,0.9874251000,0.0000000000,
246988,1,1.0000000000,2.9501190000,-0.0332840500,0.0048768160,-0.0416177500,-0.0401769400,-0.1570761000,0.9867689000,1,1.0000000000,2.9687350000,0.0303925300,0.0032097780,-0.0371387300,-0.0279847400,-0.1563269000,0.9873089000,-0.0332782600,0.0048766630,-0.0416173400,-0.0401769400,-0.1570761000,0.9867689000,0.0000000000,
246996,1,0.9050092000,-1.0000000000,-0.0332894900,0.0049686130,-0.0412946600,0.0000000000,0.0000000000,0.0000000000,1,0.9050092000,-1.0000000000,0.0303537900,0.0033055570,-0.0371540400,0.0000000000,0.0000000000,0.0000000000,0.0010000000,-0.0010000000,-0.0010000000,0.5773503000,-0.5773503000,-0.5773503000,0.0000000000,
247004,1,0.9050092000,-1.0000000000,-0.0331211900,0.0051455390,-0.0413840800,0.0000000000,0.0000000000,0.0000000000,1,0.9050092000,-1.0000000000,0.0305113200,0.0035782320,-0.0378019900,0.0000000000,0.0000000000,0.0000000000,0.0010000000,-0.0010000000,-0.0010000000,0.5773503000,-0.5773503000,-0.5773503000,0.0000000000,
247012,1,0.5609158000,-1.0000000000,-0.0331211900,0.0051455390,-0.0413840800,0.0000000000,0.0000000000,0.0000000000,1,0.5609158000,-1.0000000000,0.0306743900,0.0032934270,-0.0365270900,0.0000000000,0.0000000000,0.0000000000,0.0010000000,-0.0010000000,-0.0010000000,0.5773503000,-0.5773503000,-0.5773503000,0.0000000000,
247021,1,0.5609158000,-1.0000000000,-0.0331211900,0.0051455390,-0.0413840800,0.0000000000,0.0000000000,0.0000000000,1,0.5609158000,-1.0000000000,0.0305915500,0.0029750210,-0.0366696900,0.0000000000,0.0000000000,0.0000000000,0.0010000000,-0.0010000000,-0.0010000000,0.5773503000,-0.5773503000,-0.5773503000,0.0000000000,
247029,1,0.2091341000,-1.0000000000,-0.0331211900,0.0051455390,-0.0413840800,0.0000000000,0.0000000000,0.0000000000,1,0.2091341000,-1.0000000000,0.0305915500,0.0029750210,-0.0366696900,0.0000000000,0.0000000000,0.0000000000,0.0010000000,-0.0010000000,-0.0010000000,0.5773503000,-0.5773503000,-0.5773503000,0.0000000000,
247037,1,0.2091341000,-1.0000000000,-0.0331211900,0.0051455390,-0.0413840800,0.0000000000,0.0000000000,0.0000000000,1,0.2091341000,-1.0000000000,0.0305915500,0.0029750210,-0.0366696900,0.0000000000,0.0000000000,0.0000000000,0.0010000000,-0.0010000000,-0.0010000000,0.5773503000,-0.5773503000,-0.5773503000,0.0000000000,
247046,1,0.0000000000,-1.0000000000,-0.0331211900,0.0051455390,-0.0413840800,0.0000000000,0.0000000000,0.0000000000,1,0.0000000000,-1.0000000000,0.0305915500,0.0029750210,-0.0366696900,0.0000000000,0.0000000000,0.0000000000,0.0010000000,-0.0010000000,-0.0010000000,0.5773503000,-0.5773503000,-0.5773503000,0.0000000000,
247062,1,0.0000000000,-1.0000000000,-0.0331211900,0.0051455390,-0.0413840800,0.0000000000,0.0000000000,0.0000000000,1,0.0000000000,-1.0000000000,0.0305915500,0.0029750210,-0.0366696900,0.0000000000,0.0000000000,0.0000000000,0.0010000000,-0.0010000000,-0.0010000000,0.5773503000,-0.5773503000,-0.5773503000,0.0000000000,
247071,1,0.0000000000,-1.0000000000,-0.0331211900,0.0051455390,-0.0413840800,0.0000000000,0.0000000000,0.0000000000,1,0.0000000000,-1.0000000000,0.0305915500,0.0029750210,-0.0366696900,0.0000000000,0.0000000000,0.0000000000,0.0010000000,-0.0010000000,-0.0010000000,0.5773503000,-0.5773503000,-0.5773503000,0.0000000000,
247087,1,0.0170155700,-1.0000000000,-0.0331211900,0.0051455390,-0.0413840800,0.0000000000,0.0000000000,0.0000000000,1,0.0170155700,-1.0000000000,0.0300805700,0.0019086910,-0.0368950800,0.0000000000,0.0000000000,0.0000000000,0.0010000000,-0.0010000000,-0.0010000000,0.5773503000,-0.5773503000,-0.5773503000,0.0000000000,
247096,1,0.0170155700,-1.0000000000,-0.0319766400,0.0105674900,-0.0599622100,0.0000000000,0.0000000000,0.0000000000,1,0.0170155700,-1.0000000000,0.0313443300,0.0028444210,-0.0367422000,0.0000000000,0.0000000000,0.0000000000,0.0010000000,-0.0010000000,-0.0010000000,0.5773503000,-0.5773503000,-0.5773503000,0.0000000000,
247162,1,0.5120065000,-1.0000000000,-0.0318522300,0.0062291570,-0.0405230700,0.0000000000,0.0000000000,0.0000000000,1,0.5120065000,-1.0000000000,0.0318371600,0.0030476990,-0.0367521100,0.0000000000,0.0000000000,0.0000000000,0.0010000000,-0.0010000000,-0.0010000000,0.5773503000,-0.5773503000,-0.5773503000,0.0000000000,
247171,1,0.5120065000,-1.0000000000,-0.0319065700,0.0060652010,-0.0401056100,0.0000000000,0.0000000000,0.0000000000,1,0.5120065000,-1.0000000000,0.0318165000,0.0030442660,-0.0367463600,0.0000000000,0.0000000000,0.0000000000,0.0010000000,-0.0010000000,-0.0010000000,0.5773503000,-0.5773503000,-0.5773503000,0.0000000000,
247179,1,1.0000000000,-1.0000000000,-0.0319797500,0.0060248110,-0.0400809000,0.0000000000,0.0000000000,0.0000000000,1,1.0000000000,-1.0000000000,0.0317734200,0.0030364690,-0.0367530100,0.0000000000,0.0000000000,0.0000000000,0.0010000000,-0.0010000000,-0.0010000000,0.5773503000,-0.5773503000,-0.5773503000,0.0000000000,
247187,1,1.0000000000,3.0244450000,-0.0320831800,0.0059177860,-0.0397609600,0.0734871600,-0.1674671000,0.9831350000,1,1.0000000000,3.0550990000,0.0316688200,0.0030615240,-0.0367883800,0.0835126600,-0.1661403000,0.9825594000,0.0316688200,0.0030615240,-0.0367883800,0.0835126600,-0.1661403000,0.9825594000,0.0000000000,
247196,1,1.0000000000,3.0393520000,-0.0322485400,0.0060232090,-0.0401189900,0.0591891700,-0.1790324000,0.9820611000,1,1.0000000000,2.9739070000,0.0315294200,0.0031950690,-0.0371661900,0.0633090700,-0.1731730000,0.9828545000,0.0315294200,0.0031950690,-0.0371661900,0.0633090700,-0.1731730000,0.9828545000,0.0000000000,
247204,1,1.0000000000,3.0003810000,-0.0324672400,0.0059611360,-0.0400247800,0.0448156100,-0.1720602000,0.9840665000,1,1.0000000000,2.9525760000,0.0313065400,0.0032417760,-0.0372776500,0.0571756200,-0.1768523000,0.9825753000,0.0313065400,0.0032417760,-0.0372776500,0.0571756200,-0.1768523000,0.9825753000,0.0000000000,
247221,1,1.0000000000,2.6801300000,-0.0328966500,0.0093977050,-0.0540493500,-0.0060119760,-0.1408847000,0.9900078000,1,1.0000000000,2.8896030000,0.0307600600,0.0030607910,-0.0367587400,0.0344696900,-0.1840215000,0.9823176000,0.0307600600,0.0030607910,-0.0367587400,0.0344696900,-0.1840215000,0.9823176000,0.0000000000,
247229,1,1.0000000000,2.6462710000,-0.0331394200,0.0096990510,-0.0552485500,-0.0171969100,-0.1414816000,0.9897915000,1,1.0000000000,2.9191590000,0.0304711000,0.0031465610,-0.0371435900,0.0264743800,-0.1796901000,0.9833670000,0.0304711000,0.0031465610,-0.0371435900,0.0264743800,-0.1796901000,0.9833670000,0.0000000000,
247237,1,1.0000000000,2.7164460000,-0.0333427500,0.0075191500,-0.0478747600,-0.0247653900,-0.0891279500,0.9957123000,1,1.0000000000,2.8528140000,0.0302930300,0.0031038520,-0.0369999000,0.0157013500,-0.1884772000,0.9819521000,0.0302930300,0.0031038520,-0.0369999000,0.0157013500,-0.1884772000,0.9819521000,0.0000000000,
247262,1,1.0000000000,2.6762390000,-0.0330300800,0.0087386480,-0.0511812500,0.0645755200,-0.1306464000,0.9893237000,1,1.0000000000,2.8246000000,0.0304597200,0.0029255370,-0.0365900400,0.1016857000,-0.1934531000,0.9758257000,0.0304597200,0.0029255370,-0.0365900400,0.1016857000,-0.1934531000,0.9758257000,0.0000000000,
247287,1,0.9906728000,3.0179140000,-0.0330195200,0.0060603490,-0.0398416600,0.1259014000,-0.1557174000,0.9797453000,1,0.9906728000,2.9364320000,0.0305154100,0.0025710300,-0.0356226100,0.1595160000,-0.1846321000,0.9697761000,0.0305154100,0.0025710300,-0.0356226100,0.1595160000,-0.1846321000,0.9697761000,0.0000000000,
247296,1,1.0000000000,3.0246580000,-0.0331273800,0.0058882450,-0.0392771200,0.1192944000,-0.1618515000,0.9795780000,1,1.0000000000,2.9751130000,0.0305095800,0.0026535800,-0.0360194900,0.1356213000,-0.1871507000,0.9729242000,0.0305095800,0.0026535800,-0.0360194900,0.1356213000,-0.1871507000,0.9729242000,0.0000000000,
247304,1,1.0000000000,3.0532680000,-0.0331986800,0.0059283600,-0.0394667400,0.1015022000,-0.1784986000,0.9786907000,1,1.0000000000,2.9008640000,0.0304546100,0.0027586820,-0.0364843200,0.1225304000,-0.1999702000,0.9721102000,0.0304546100,0.0027586820,-0.0364843200,0.1225304000,-0.1999702000,0.9721102000,0.0000000000,
247312,1,1.0000000000,3.0347600000,-0.0332350200,0.0059759520,-0.0396834300,0.0872811400,-0.1800555000,0.9797766000,1,1.0000000000,3.0062410000,0.0304401400,0.0028005370,-0.0367052000,0.1100020000,-0.2025173000,0.9730808000,0.0304401400,0.0028005370,-0.0367052000,0.1100020000,-0.2025173000,0.9730808000,0.0000000000,
247321,1,1.0000000000,3.1929470000,-0.0332666000,0.0060432590,-0.0399644000,0.0708933800,-0.1889981000,0.9794151000,1,1.0000000000,3.1147160000,0.0304259400,0.0027860410,-0.0366728800,0.0813916600,-0.2048525000,0.9754030000,0.0304259400,0.0027860410,-0.0366728800,0.0813916600,-0.2048525000,0.9754030000,0.0000000000,
247329,1,1.0000000000,3.1143800000,-0.0333152500,0.0059343110,-0.0397240800,0.0516518500,-0.1896088000,0.9805002000,1,1.0000000000,3.0317990000,0.0303922300,0.0028623810,-0.0370091000,0.0727397700,-0.2023499000,0.9766082000,0.0303922300,0.0028623810,-0.0370091000,0.0727397700,-0.2023499000,0.9766082000,0.0000000000,
247337,1,1.0000000000,2.2482150000,-0.0332242600,0.0141634700,-0.0722875100,0.0185853000,-0.1384590000,0.9901938000,1,1.0000000000,2.9999850000,0.0303307000,0.0028970640,-0.0371205600,0.0594182700,-0.2099018000,0.9759153000,0.0303307000,0.0028970640,-0.0371205600,0.0594182700,-0.2099018000,0.9759153000,0.0000000000,
247346,1,1.0000000000,3.0889890000,-0.0334881100,0.0059282840,-0.0399907400,0.0332494500,-0.1964449000,0.9799509000,1,1.0000000000,2.9880980000,0.0302862400,0.0029389040,-0.0372674000,0.0395056400,-0.2138859000,0.9760595000,0.0302862400,0.0029389040,-0.0372674000,0.0395056400,-0.2138859000,0.9760595000,0.0000000000,
247354,1,1.0000000000,2.9467770000,-0.0335861400,0.0058783420,-0.0399358200,0.0148163200,-0.1927952000,0.9811271000,1,1.0000000000,2.9700010000,0.0301731600,0.0029824830,-0.0374430400,0.0261844700,-0.2042877000,0.9785606000,0.0301731600,0.0029824830,-0.0374430400,0.0261844700,-0.2042877000,0.9785606000,0.0000000000,
247362,1,1.0000000000,3.0498960000,-0.0337136100,0.0059071970,-0.0401767500,-0.0037231860,-0.1974204000,0.9803118000,1,1.0000000000,2.9856410000,0.0300401600,0.0029119260,-0.0372984500,0.0196534600,-0.2011580000,0.9793617000,0.0300401600,0.0029119260,-0.0372984500,0.0196534600,-0.2011580000,0.9793617000,0.0000000000,
247387,1,1.0000000000,3.0039060000,-0.0341749000,0.0062463690,-0.0416732700,-0.0373079400,-0.2103283000,0.9769187000,1,1.0000000000,2.8834840000,0.0295533900,0.0029225620,-0.0371196600,-0.0265198800,-0.2011269000,0.9792061000,0.0295533900,0.0029225620,-0.0371196600,-0.0265198800,-0.2011269000,0.9792061000,0.0000000000,
247396,1,1.0000000000,3.0779420000,-0.0342198200,0.0062412420,-0.0417149100,-0.0442508300,-0.2145250000,0.9757156000,1,1.0000000000,2.9762420000,0.0294983400,0.0029100190,-0.0369884200,-0.0329896100,-0.1974646000,0.9797547000,0.0294983400,0.0029100190,-0.0369884200,-0.0329896100,-0.1974646000,0.9797547000,0.0000000000,
247404,1,0.9478270000,3.0739590000,-0.0340362600,0.0059772950,-0.0406046200,-0.0249790200,-0.2157931000,0.9761196000,1,0.9478270000,3.0459900000,0.0296265600,0.0028479770,-0.0366496900,0.0099488330,-0.2076895000,0.9781442000,0.0296265600,0.0028479770,-0.0366496900,0.0099488330,-0.2076895000,0.9781442000,0.0000000000,
247421,1,0.9478270000,3.1407620000,-0.0335483100,0.0059983830,-0.0403821000,0.0854651100,-0.1918349000,0.9776989000,1,0.9478270000,2.8349610000,0.0300249000,0.0030286870,-0.0365825400,0.0955671000,-0.2092161000,0.9731883000,0.0300249000,0.0030286870,-0.0365825400,0.0955671000,-0.2092161000,0.9731883000,0.0000000000,
247429,1,0.9471226000,3.0957180000,-0.0333086000,0.0060420230,-0.0402889700,0.1150528000,-0.1817499000,0.9765909000,1,0.9471226000,2.9170530000,0.0300842400,0.0025582120,-0.0348466700,0.1497815000,-0.1886307000,0.9705586000,0.0300842400,0.0025582120,-0.0348466700,0.1497815000,-0.1886307000,0.9705586000,0.0000000000,
247437,1,1.0000000000,3.1706850000,-0.0331377100,0.0061613160,-0.0405738400,0.1656352000,-0.1963055000,0.9664518000,1,1.0000000000,3.0318910000,0.0302456800,0.0029149320,-0.0359670000,0.1847392000,-0.1853343000,0.9651542000,0.0302456800,0.0029149320,-0.0359670000,0.1847392000,-0.1853343000,0.9651542000,0.0000000000,
247446,1,1.0000000000,3.0427700000,-0.0330595000,0.0059871520,-0.0398586000,0.1985488000,-0.1915602000,0.9611884000,1,1.0000000000,2.9013370000,0.0303858200,0.0031448820,-0.0366316400,0.1986874000,-0.1857020000,0.9623087000,-0.0213975400,0.0054647070,-0.0392654400,0.1985813000,-0.1904787000,0.9613966000,0.0000000000,
247462,1,1.0000000000,3.0034180000,-0.0328056000,0.0064193420,-0.0412821800,0.2301519000,-0.2015412000,0.9520563000,1,1.0000000000,3.0666350000,0.0305913300,0.0032311860,-0.0367000000,0.2537270000,-0.1891966000,0.9485922000,0.0190070000,0.0038137520,-0.0375372800,0.2494235000,-0.1914698000,0.9492772000,0.0000000000,
247471,1,1.0000000000,3.0173650000,-0.0326355500,0.0065270540,-0.0414413300,0.2666346000,-0.1861133000,0.9456573000,1,1.0000000000,3.0142820000,0.0307151700,0.0032889410,-0.0367237600,0.2951388000,-0.1897299000,0.9364271000,0.0294482000,0.0033536990,-0.0368181000,0.2945761000,-0.1896701000,0.9366163000,0.0000000000,
247487,1,1.0000000000,3.0744170000,-0.0326313500,0.0066995400,-0.0414095300,0.2692131000,-0.1901871000,0.9441150000,1,1.0000000000,3.0444790000,0.0308135400,0.0034980930,-0.0367033900,0.3068105000,-0.1961378000,0.9313416000,0.0301895300,0.0035295870,-0.0367496600,0.3064466000,-0.1960935000,0.9314708000,0.0000000000,
247496,1,1.0000000000,2.8934630000,-0.0327588500,0.0067485200,-0.0412933100,0.2584250000,-0.1962602000,0.9458850000,1,1.0000000000,3.0663600000,0.0307832700,0.0036070410,-0.0366694800,0.2910804000,-0.1886011000,0.9379241000,0.0294363600,0.0036736300,-0.0367674900,0.2903927000,-0.1887682000,0.9381037000,0.0000000000,
247504,1,1.0000000000,3.0593410000,-0.0328413400,0.0067522890,-0.0409856900,0.2431204000,-0.1892106000,0.9513631000,1,1.0000000000,3.0424350000,0.0307506900,0.0036810610,-0.0366340700,0.2697641000,-0.1856869000,0.9448532000,0.0228477600,0.0040627440,-0.0371748700,0.2664664000,-0.1861282000,0.9457018000,0.0000000000,
247512,1,1.0000000000,3.0950930000,-0.0329523900,0.0064159550,-0.0394870200,0.2359655000,-0.1852903000,0.9539328000,1,1.0000000000,3.0774990000,0.0305503100,0.0037334140,-0.0365437800,0.2829174000,-0.1902189000,0.9400928000,0.0303791200,0.0037406470,-0.0365517100,0.2827938000,-0.1902026000,0.9401333000,0.0000000000,
247521,1,1.0000000000,3.1379390000,-0.0330868100,0.0062179260,-0.0384267100,0.2236497000,-0.1925978000,0.9554512000,1,1.0000000000,3.0188750000,0.0305261400,0.0038354490,-0.0364916300,0.2398870000,-0.1951323000,0.9509877000,0.0305259600,0.0038354490,-0.0364916300,0.2398870000,-0.1951323000,0.9509877000,0.0000000000,
247529,1,1.0000000000,3.1607670000,-0.0332470300,0.0062111510,-0.0382638300,0.2255418000,-0.1872878000,0.9560618000,1,1.0000000000,2.9463350000,0.0304169000,0.0039285130,-0.0364524200,0.2222171000,-0.2074769000,0.9526662000,0.0304169000,0.0039285130,-0.0364524200,0.2222171000,-0.2074769000,0.9526662000,0.0000000000,
247537,1,1.0000000000,3.0179900000,-0.0334079600,0.0065079960,-0.0392847000,0.1944738000,-0.1960912000,0.9611078000,1,1.0000000000,3.0708770000,0.0302878100,0.0039854890,-0.0364063300,0.2075988000,-0.2011747000,0.9573043000,0.0302878100,0.0039854890,-0.0364063300,0.2075988000,-0.2011747000,0.9573043000,0.0000000000,
247546,1,1.0000000000,3.1670380000,-0.0335826400,0.0063801580,-0.0389298400,0.1868463000,-0.1927211000,0.9633001000,1,1.0000000000,3.0403900000,0.0301326500,0.0039564970,-0.0362352200,0.1951000000,-0.2055370000,0.9590049000,0.0301326500,0.0039564970,-0.0362352200,0.1951000000,-0.2055370000,0.9590049000,0.0000000000,
247554,1,1.0000000000,3.1279910000,-0.0337630900,0.0062962800,-0.0389032500,0.1774007000,-0.1979240000,0.9640306000,1,1.0000000000,2.9850770000,0.0299466700,0.0036809080,-0.0352503500,0.1774605000,-0.2083902000,0.9618115000,0.0299466700,0.0036809080,-0.0352503500,0.1774605000,-0.2083902000,0.9618115000,0.0000000000,
247562,1,1.0000000000,3.1321560000,-0.0339217100,0.0062541360,-0.0391360300,0.1691460000,-0.1965054000,0.9658029000,1,1.0000000000,2.9815980000,0.0298117500,0.0037236180,-0.0355538800,0.1622338000,-0.2190736000,0.9621263000,0.0298117500,0.0037236180,-0.0355538800,0.1622338000,-0.2190736000,0.9621263000,0.0000000000,
247571,1,1.0000000000,3.0155030000,-0.0340758500,0.0061556400,-0.0392427100,0.1511103000,-0.1893342000,0.9702156000,1,1.0000000000,3.0658110000,0.0296592900,0.0036335150,-0.0354308900,0.1596393000,-0.2070337000,0.9652214000,0.0296451700,0.0036340790,-0.0354317500,0.1596399000,-0.2070191000,0.9652244000,0.0000000000,
247596,1,1.0000000000,3.0630490000,-0.0343695800,0.0059929970,-0.0405207700,0.1185627000,-0.2039675000,0.9717716000,1,1.0000000000,3.0673070000,0.0291934500,0.0027657930,-0.0330660300,0.1537033000,-0.2219412000,0.9628693000,-0.0341503800,0.0059818730,-0.0404950600,0.1186833000,-0.2040261000,0.9717446000,0.0000000000,
247612,1,1.0000000000,3.0306700000,-0.0344230200,0.0056887520,-0.0406619900,0.0948805200,-0.2038451000,0.9743946000,1,1.0000000000,3.1399380000,0.0291789300,0.0027339330,-0.0336990700,0.1289229000,-0.2140068000,0.9682871000,-0.0344223600,0.0056887210,-0.0406619300,0.0948805200,-0.2038451000,0.9743946000,0.0000000000,
247621,1,1.0000000000,3.0910640000,-0.0344402600,0.0055263210,-0.0407158700,0.0909430500,-0.2104508000,0.9733652000,1,1.0000000000,2.9975740000,0.0292143400,0.0029891050,-0.0348952200,0.1165934000,-0.2123736000,0.9702079000,-0.0340827700,0.0055120700,-0.0406831800,0.0910954300,-0.2104655000,0.9733478000,0.0000000000,
247629,1,1.0000000000,3.0387570000,-0.0344625300,0.0053783420,-0.0407542100,0.0809792700,-0.2170128000,0.9728041000,1,1.0000000000,2.9833530000,0.0292320300,0.0031044310,-0.0356238400,0.1013198000,-0.2137634000,0.9716169000,0.0194517700,0.0034535830,-0.0364116100,0.0982064700,-0.2142659000,0.9718260000,0.0000000000,
247637,1,1.0000000000,3.0126340000,-0.0344967800,0.0052323910,-0.0407909700,0.0820020000,-0.2109102000,0.9740598000,1,1.0000000000,2.8323970000,0.0292012800,0.0030628820,-0.0357584800,0.0937199000,-0.2158060000,0.9719282000,0.0208647300,0.0033468170,-0.0364171200,0.0921787100,-0.2151650000,0.9722176000,0.0000000000,
247646,1,1.0000000000,3.0763400000,-0.0345452000,0.0051073460,-0.0408266100,0.0721448200,-0.2159919000,0.9737262000,1,1.0000000000,2.8866730000,0.0291731100,0.0030313870,-0.0358858400,0.0841682700,-0.2316306000,0.9691558000,0.0214609500,0.0032826540,-0.0364838400,0.0827031300,-0.2297377000,0.9697323000,0.0000000000,
247654,1,1.0000000000,3.0993040000,-0.0345896300,0.0050085000,-0.0408560300,0.0663150500,-0.2222912000,0.9727225000,1,1.0000000000,2.9711000000,0.0291298400,0.0029748690,-0.0359182000,0.0794380700,-0.2333551000,0.9691414000,0.0213590400,0.0032228850,-0.0365203900,0.0778354600,-0.2320110000,0.9695940000,0.0000000000,
247662,1,1.0000000000,3.0265350000,-0.0346182200,0.0049359740,-0.0408767700,0.0545353300,-0.2175462000,0.9745253000,1,1.0000000000,3.0393680000,0.0290990800,0.0029467620,-0.0359299200,0.0734413900,-0.2247493000,0.9716451000,-0.0346083400,0.0049356540,-0.0408760100,0.0545353300,-0.2175462000,0.9745253000,0.0000000000,
247671,1,1.0000000000,3.0773620000,-0.0346163700,0.0048794710,-0.0408946900,0.0528566100,-0.2137763000,0.9754516000,1,1.0000000000,3.0179750000,0.0290919700,0.0029557040,-0.0359532800,0.0663154400,-0.2367275000,0.9693102000,-0.0346163700,0.0048794710,-0.0408946900,0.0528566100,-0.2137763000,0.9754516000,0.0000000000,
247679,1,1.0000000000,3.1530460000,-0.0346123100,0.0048580170,-0.0408997500,0.0455630800,-0.2185838000,0.9747539000,1,1.0000000000,2.9302220000,0.0290983700,0.0029613040,-0.0359430400,0.0553137300,-0.2315547000,0.9712481000,-0.0346123100,0.0048580170,-0.0408997500,0.0455630800,-0.2185838000,0.9747539000,0.0000000000,
247687,1,1.0000000000,3.0850680000,-0.0345941600,0.0048709110,-0.0408926600,0.0435029200,-0.2279974000,0.9726894000,1,1.0000000000,3.0220950000,0.0291095100,0.0029827880,-0.0359310000,0.0496681600,-0.2310218000,0.9716800000,-0.0345940900,0.0048708960,-0.0408926600,0.0435029200,-0.2279974000,0.9726894000,0.0000000000,
247696,1,1.0000000000,3.0577850000,-0.0345829800,0.0048804170,-0.0408891300,0.0402528300,-0.2173928000,0.9752538000,1,1.0000000000,3.0034480000,0.0291488100,0.0030222470,-0.0359172500,0.0416870500,-0.2365724000,0.9707192000,-0.0339518000,0.0048620150,-0.0408398900,0.0402681300,-0.2175913000,0.9752089000,0.0000000000,
247704,1,1.0000000000,3.0846860000,-0.0345846400,0.0048998720,-0.0408875000,0.0354008300,-0.2256345000,0.9735686000,1,1.0000000000,2.8361510000,0.0291534400,0.0030498350,-0.0358693400,0.0489660300,-0.2336759000,0.9710808000,-0.0141279500,0.0043060910,-0.0392769400,0.0397494000,-0.2282119000,0.9727997000,0.0000000000,
247712,1,0.9703084000,3.0475770000,-0.0345670000,0.0049416050,-0.0408650200,0.0373384400,-0.2254192000,0.9735461000,1,0.9703084000,2.8150180000,0.0291782900,0.0031088110,-0.0358000100,0.0432589700,-0.2324082000,0.9716558000,-0.0092682340,0.0042142180,-0.0388548600,0.0396885900,-0.2281980000,0.9728054000,0.0000000000,
247721,1,0.9703084000,2.8743130000,-0.0345600800,0.0049995430,-0.0408439800,0.0403754300,-0.2585645000,0.9651498000,1,0.9703084000,2.8645480000,0.0291820700,0.0031482700,-0.0356909500,0.0428467400,-0.2251132000,0.9733900000,-0.0133432600,0.0043833320,-0.0391287700,0.0412140600,-0.2474675000,0.9680192000,0.0000000000,
247729,1,0.8057360000,1.8968050000,-0.0345380100,0.0051308440,-0.0408226300,0.0493776200,-0.3695692000,0.9278904000,1,0.8057360000,2.7070620000,0.0291799800,0.0032307130,-0.0357507200,0.0227661400,-0.2466891000,0.9688272000,-0.0139430100,0.0045166780,-0.0391832700,0.0408635300,-0.3304789000,0.9429283000,0.0000000000,
247737,1,0.8057360000,-1.0000000000,-0.0345380100,0.0051308440,-0.0408226300,0.0000000000,0.0000000000,0.0000000000,1,0.8057360000,-1.0000000000,0.0291816100,0.0031909180,-0.0354353000,0.0000000000,0.0000000000,0.0000000000,0.0010000000,-0.0010000000,-0.0010000000,0.5773503000,-0.5773503000,-0.5773503000,0.0000000000,
247746,1,0.4138891000,-1.0000000000,-0.0345380100,0.0051308440,-0.0408226300,0.0000000000,0.0000000000,0.0000000000,1,0.4138891000,-1.0000000000,0.0291850000,0.0033458710,-0.0358255600,0.0000000000,0.0000000000,0.0000000000,0.0010000000,-0.0010000000,-0.0010000000,0.5773503000,-0.5773503000,-0.5773503000,0.0000000000,
247754,1,0.4138891000,-1.0000000000,-0.0345380100,0.0051308440,-0.0408226300,0.0000000000,0.0000000000,0.0000000000,1,0.4138891000,-1.0000000000,0.0289041800,0.0020145420,-0.0362134600,0.0000000000,0.0000000000,0.0000000000,0.0010000000,-0.0010000000,-0.0010000000,0.5773503000,-0.5773503000,-0.5773503000,0.0000000000,
247762,1,0.0511498500,-1.0000000000,-0.0345380100,0.0051308440,-0.0408226300,0.0000000000,0.0000000000,0.0000000000,1,0.0511498500,-1.0000000000,0.0289041800,0.0020145420,-0.0362134600,0.0000000000,0.0000000000,0.0000000000,0.0010000000,-0.0010000000,-0.0010000000,0.5773503000,-0.5773503000,-0.5773503000,0.0000000000,
247771,1,0.0511498500,-1.0000000000,-0.0345380100,0.0051308440,-0.0408226300,0.0000000000,0.0000000000,0.0000000000,1,0.0511498500,-1.0000000000,0.0289041800,0.0020145420,-0.0362134600,0.0000000000,0.0000000000,0.0000000000,0.0010000000,-0.0010000000,-0.0010000000,0.5773503000,-0.5773503000,-0.5773503000,0.0000000000,
247779,1,0.0000000000,-1.0000000000,-0.0345380100,0.0051308440,-0.0408226300,0.0000000000,0.0000000000,0.0000000000,1,0.0000000000,-1.0000000000,0.0289041800,0.0020145420,-0.0362134600,0.0000000000,0.0000000000,0.0000000000,0.0010000000,-0.0010000000,-0.0010000000,0.5773503000,-0.5773503000,-0.5773503000,0.0000000000,
247787,1,0.0000000000,-1.0000000000,-0.0345380100,0.0051308440,-0.0408226300,0.0000000000,0.0000000000,0.0000000000,1,0.0000000000,-1.0000000000,0.0289041800,0.0020145420,-0.0362134600,0.0000000000,0.0000000000,0.0000000000,0.0010000000,-0.0010000000,-0.0010000000,0.5773503000,-0.5773503000,-0.5773503000,0.0000000000,
247804,1,0.0000000000,-1.0000000000,-0.0345380100,0.0051308440,-0.0408226300,0.0000000000,0.0000000000,0.0000000000,1,0.0000000000,-1.0000000000,0.0289041800,0.0020145420,-0.0362134600,0.0000000000,0.0000000000,0.0000000000,0.0010000000,-0.0010000000,-0.0010000000,0.5773503000,-0.5773503000,-0.5773503000,0.0000000000,
247812,1,0.0000000000,-1.0000000000,-0.0345380100,0.0051308440,-0.0408226300,0.0000000000,0.0000000000,0.0000000000,1,0.0000000000,-1.0000000000,0.0289041800,0.0020145420,-0.0362134600,0.0000000000,0.0000000000,0.0000000000,0.0010000000,-0.0010000000,-0.0010000000,0.5773503000,-0.5773503000,-0.5773503000,0.0000000000,
247821,1,0.0000000000,-1.0000000000,-0.0345380100,0.0051308440,-0.0408226300,0.0000000000,0.0000000000,0.0000000000,1,0.0000000000,-1.0000000000,0.0289041800,0.0020145420,-0.0362134600,0.0000000000,0.0000000000,0.0000000000,0.0010000000,-0.0010000000,-0.0010000000,0.5773503000,-0.5773503000,-0.5773503000,0.0000000000,
247829,1,0.0000000000,-1.0000000000,-0.0345380100,0.0051308440,-0.0408226300,0.0000000000,0.0000000000,0.0000000000,1,0.0000000000,-1.0000000000,0.0289041800,0.0020145420,-0.0362134600,0.0000000000,0.0000000000,0.0000000000,0.0010000000,-0.0010000000,-0.0010000000,0.5773503000,-0.5773503000,-0.5773503000,0.0000000000,
247837,1,0.0000000000,-1.0000000000,-0.0345380100,0.0051308440,-0.0408226300,0.0000000000,0.0000000000,0.0000000000,1,0.0000000000,-1.0000000000,0.0289041800,0.0020145420,-0.0362134600,0.0000000000,0.0000000000,0.0000000000,0.0010000000,-0.0010000000,-0.0010000000,0.5773503000,-0.5773503000,-0.5773503000,0.0000000000,
247846,1,0.0000000000,-1.0000000000,-0.0345380100,0.0051308440,-0.0408226300,0.0000000000,0.0000000000,0.0000000000,1,0.0000000000,-1.0000000000,0.0289041800,0.0020145420,-0.0362134600,0.0000000000,0.0000000000,0.0000000000,0.0010000000,-0.0010000000,-0.0010000000,0.5773503000,-0.5773503000,-0.5773503000,0.0000000000,
247862,1,0.0000000000,-1.0000000000,-0.0345380100,0.0051308440,-0.0408226300,0.0000000000,0.0000000000,0.0000000000,1,0.0000000000,-1.0000000000,0.0280783100,0.0022535710,-0.0361871500,0.0000000000,0.0000000000,0.0000000000,0.0010000000,-0.0010000000,-0.0010000000,0.5773503000,-0.5773503000,-0.5773503000,0.0000000000,
247871,1,0.0000000000,-1.0000000000,-0.0345380100,0.0051308440,-0.0408226300,0.0000000000,0.0000000000,0.0000000000,1,0.0000000000,-1.0000000000,0.0287849800,0.0025605170,-0.0360732300,0.0000000000,0.0000000000,0.0000000000,0.0010000000,-0.0010000000,-0.0010000000,0.5773503000,-0.5773503000,-0.5773503000,0.0000000000,
247879,1,0.1174296000,-1.0000000000,-0.0345380100,0.0051308440,-0.0408226300,0.0000000000,0.0000000000,0.0000000000,1,0.1174296000,-1.0000000000,0.0283986500,0.0023931730,-0.0360976400,0.0000000000,0.0000000000,0.0000000000,0.0010000000,-0.0010000000,-0.0010000000,0.5773503000,-0.5773503000,-0.5773503000,0.0000000000,
247887,1,0.1174296000,-1.0000000000,-0.0345380100,0.0051308440,-0.0408226300,0.0000000000,0.0000000000,0.0000000000,1,0.1174296000,-1.0000000000,0.0284699900,0.0024770200,-0.0360643500,0.0000000000,0.0000000000,0.0000000000,0.0010000000,-0.0010000000,-0.0010000000,0.5773503000,-0.5773503000,-0.5773503000,0.0000000000,
247896,1,0.3326531000,-1.0000000000,-0.0345766800,0.0045209350,-0.0410294200,0.0000000000,0.0000000000,0.0000000000,1,0.3326531000,-1.0000000000,0.0286342900,0.0024397280,-0.0360651700,0.0000000000,0.0000000000,0.0000000000,0.0010000000,-0.0010000000,-0.0010000000,0.5773503000,-0.5773503000,-0.5773503000,0.0000000000,
247904,1,0.3326531000,-1.0000000000,-0.0340542000,0.0046725460,-0.0409545700,0.0000000000,0.0000000000,0.0000000000,1,0.3326531000,-1.0000000000,0.0292814500,0.0022970730,-0.0361663500,0.0000000000,0.0000000000,0.0000000000,0.0010000000,-0.0010000000,-0.0010000000,0.5773503000,-0.5773503000,-0.5773503000,0.0000000000,
247921,1,0.4867775000,-1.0000000000,-0.0336402000,0.0046758880,-0.0409385400,0.0000000000,0.0000000000,0.0000000000,1,0.4867775000,-1.0000000000,0.0297892300,0.0023412780,-0.0361798600,0.0000000000,0.0000000000,0.0000000000,0.0010000000,-0.0010000000,-0.0010000000,0.5773503000,-0.5773503000,-0.5773503000,0.0000000000,
247937,1,0.4867775000,-1.0000000000,-0.0332892500,0.0047297670,-0.0409345700,0.0000000000,0.0000000000,0.0000000000,1,0.4867775000,-1.0000000000,0.0301152200,0.0025686190,-0.0359522900,0.0000000000,0.0000000000,0.0000000000,0.0010000000,-0.0010000000,-0.0010000000,0.5773503000,-0.5773503000,-0.5773503000,0.0000000000,
247954,1,0.6199195000,-1.0000000000,-0.0330238500,0.0047917940,-0.0409236600,0.0000000000,0.0000000000,0.0000000000,1,0.6199195000,-1.0000000000,0.0304869100,0.0023850860,-0.0362491300,0.0000000000,0.0000000000,0.0000000000,0.0010000000,-0.0010000000,-0.0010000000,0.5773503000,-0.5773503000,-0.5773503000,0.0000000000,
247962,1,0.6736034000,-1.0000000000,-0.0329811900,0.0048564150,-0.0408999200,0.0000000000,0.0000000000,0.0000000000,1,0.6736034000,-1.0000000000,0.0305183700,0.0024033210,-0.0362502200,0.0000000000,0.0000000000,0.0000000000,0.0010000000,-0.0010000000,-0.0010000000,0.5773503000,-0.5773503000,-0.5773503000,0.0000000000,
247971,1,0.7422127000,-1.0000000000,-0.0329841200,0.0049115300,-0.0408857300,0.0000000000,0.0000000000,0.0000000000,1,0.7422127000,-1.0000000000,0.0307108300,0.0026925810,-0.0360833600,0.0000000000,0.0000000000,0.0000000000,0.0010000000,-0.0010000000,-0.0010000000,0.5773503000,-0.5773503000,-0.5773503000,0.0000000000,
247996,1,0.7422127000,-1.0000000000,-0.0330163700,0.0050611120,-0.0408357900,0.0000000000,0.0000000000,0.0000000000,1,0.7422127000,-1.0000000000,0.0306530300,0.0027037200,-0.0360818700,0.0000000000,0.0000000000,0.0000000000,0.0010000000,-0.0010000000,-0.0010000000,0.5773503000,-0.5773503000,-0.5773503000,0.0000000000,
248004,1,0.8192961000,-1.0000000000,-0.0330109100,0.0050964970,-0.0408301600,0.0000000000,0.0000000000,0.0000000000,1,0.8192961000,-1.0000000000,0.0306633200,0.0026931150,-0.0360968000,0.0000000000,0.0000000000,0.0000000000,0.0010000000,-0.0010000000,-0.0010000000,0.5773503000,-0.5773503000,-0.5773503000,0.0000000000,
248012,1,0.9275905000,-1.0000000000,-0.0329788400,0.0051271980,-0.0408313200,0.0000000000,0.0000000000,0.0000000000,1,0.9275905000,2.9653020000,0.0307141600,0.0026828460,-0.0361088400,-0.0452427800,-0.2777433000,0.9595894000,0.0307141600,0.0026828460,-0.0361088400,-0.0452427800,-0.2777433000,0.9595894000,0.0000000000,
248021,1,0.9275905000,3.0813750000,-0.0328736300,0.0051674200,-0.0408310400,-0.0422212000,-0.2708749000,0.9616882000,1,0.9275905000,2.9116520000,0.0307948300,0.0027184300,-0.0361026600,-0.0253299100,-0.2791020000,0.9599273000,-0.0075540930,0.0041935120,-0.0389506700,-0.0355077500,-0.2741589000,0.9610287000,0.0000000000,
248029,1,0.9442188000,3.0893250000,-0.0327329700,0.0052054750,-0.0408337100,-0.0347901500,-0.2571419000,0.9657472000,1,0.9442188000,3.0262600000,0.0309068200,0.0027640690,-0.0361010900,-0.0165712000,-0.2776668000,0.9605345000,0.0067218330,0.0036918790,-0.0378996100,-0.0234986700,-0.2698837000,0.9626061000,0.0000000000,
248037,1,0.9442188000,2.9882050000,-0.0325974000,0.0052660680,-0.0408345200,-0.0170138200,-0.2676587000,0.9633636000,1,0.9442188000,3.0414730000,0.0310422800,0.0028489690,-0.0361024500,0.0023041140,-0.2697186000,0.9629364000,0.0092586980,0.0036763310,-0.0377222200,-0.0042877340,-0.2690286000,0.9631227000,0.0000000000,
248054,1,0.9886179000,3.0866700000,-0.0324367200,0.0055158690,-0.0407951800,0.0340580100,-0.2908664000,0.9561573000,1,0.9886179000,3.0456390000,0.0311740700,0.0030552370,-0.0360131100,0.0531922600,-0.2547308000,0.9655479000,0.0063721930,0.0040146340,-0.0378776400,0.0457308900,-0.2688769000,0.9620883000,0.0000000000,
248062,1,0.9886179000,3.1471410000,-0.0322934100,0.0055775610,-0.0407988500,0.0412143400,-0.2857385000,0.9574209000,1,0.9886179000,2.9281460000,0.0314757600,0.0032597960,-0.0360776200,0.0354619500,-0.2590066000,0.9652243000,0.0043079220,0.0042472540,-0.0380890200,0.0379183100,-0.2704179000,0.9619960000,0.0000000000,
248087,1,1.0000000000,3.0773770000,-0.0320426000,0.0056380470,-0.0408380300,0.0586855500,-0.2485820000,0.9668314000,1,1.0000000000,2.9765630000,0.0316411100,0.0037023470,-0.0360321800,0.0664682200,-0.2643775000,0.9621260000,-0.0021450350,0.0047292940,-0.0385818200,0.0623476700,-0.2559978000,0.9646647000,0.0000000000,
248096,1,1.0000000000,3.0568540000,-0.0322923300,0.0056689000,-0.0407684700,0.0018005590,-0.2432281000,0.9699675000,1,1.0000000000,3.0330660000,0.0313908700,0.0037524720,-0.0359598400,0.0241548300,-0.2416246000,0.9700691000,-0.0096264040,0.0049868010,-0.0390569900,0.0097505110,-0.2426641000,0.9700614000,0.0000000000,
248104,1,1.0000000000,2.9655610000,-0.0326338500,0.0056728370,-0.0407139000,-0.0444646300,-0.2319058000,0.9717215000,1,1.0000000000,2.9097600000,0.0310038900,0.0037662510,-0.0359094400,-0.0203096500,-0.2586085000,0.9657687000,-0.0124521600,0.0050681920,-0.0391902500,-0.0368043700,-0.2404033000,0.9699751000,0.0000000000,
248121,1,1.0000000000,3.0955960000,-0.0331982400,0.0056486670,-0.0406179500,-0.1176923000,-0.2400996000,0.9635875000,1,1.0000000000,2.9941410000,0.0303397800,0.0039874730,-0.0369689500,-0.0929581000,-0.2469676000,0.9645547000,-0.0308796900,0.0055880590,-0.0404848000,-0.1167923000,-0.2403444000,0.9636359000,0.0000000000,
248129,1,0.9681596000,3.1281430000,-0.0335012700,0.0056592410,-0.0406303900,-0.1523454000,-0.2498196000,0.9562327000,1,0.9681596000,3.1307830000,0.0300137000,0.0039738470,-0.0369148600,-0.1416480000,-0.2406933000,0.9602097000,-0.0334337600,0.0056574560,-0.0406264400,-0.1523311000,-0.2498058000,0.9562386000,0.0000000000,
248154,1,0.9516646000,3.1968380000,-0.0342370600,0.0057424780,-0.0407030500,-0.2264898000,-0.2443886000,0.9428555000,1,0.9516646000,3.2405240000,0.0292385100,0.0036237490,-0.0360378100,-0.2280006000,-0.2401773000,0.9435733000,-0.0341711800,0.0057402800,-0.0406982200,-0.2264898000,-0.2443886000,0.9428555000,0.0000000000,
248171,1,0.9530583000,3.0758060000,-0.0341063800,0.0057843330,-0.0406456800,-0.1889653000,-0.2277075000,0.9552180000,1,0.9530583000,3.0619050000,0.0294432800,0.0037581790,-0.0365159000,-0.1864797000,-0.2323634000,0.9545851000,-0.0340840000,0.0057836150,-0.0406442300,-0.1889506000,-0.2277082000,0.9552208000,0.0000000000,
248229,1,0.9055574000,3.0791020000,-0.0331682000,0.0059231110,-0.0390031600,-0.0582431400,-0.2084668000,0.9762937000,1,0.9055574000,3.0598600000,0.0304698600,0.0044038850,-0.0374296900,-0.0533604500,-0.2328512000,0.9710474000,-0.0326051000,0.0059096680,-0.0389892500,-0.0581975300,-0.2086810000,0.9762506000,0.0000000000,
248254,1,0.9749782000,3.0314640000,-0.0327623600,0.0062049260,-0.0388249800,0.0029754820,-0.2018750000,0.9794068000,1,0.9749782000,3.0015260000,0.0309163700,0.0043517910,-0.0365824000,0.0141450800,-0.2144345000,0.9766359000,0.0301232600,0.0043748630,-0.0366103200,0.0140076000,-0.2142797000,0.9766719000,0.0000000000,
248271,1,1.0000000000,2.9832760000,-0.0322800200,0.0066823430,-0.0400716100,0.0328065100,-0.2078102000,0.9776189000,1,1.0000000000,3.1162570000,0.0313733400,0.0043988340,-0.0361032600,0.0533299000,-0.2139147000,0.9753956000,0.0308881400,0.0044162450,-0.0361335000,0.0531774800,-0.2138696000,0.9754137000,0.0000000000,
248287,1,1.0000000000,2.6061710000,-0.0317418400,0.0068825530,-0.0403423300,0.0490575500,-0.1898519000,0.9805863000,1,1.0000000000,3.1133580000,0.0315137400,0.0035983280,-0.0364047500,0.1644458000,0.0145875700,0.9862782000,0.0310905500,0.0036203000,-0.0364311100,0.1637140000,0.0132295700,0.9864191000,0.0000000000,
248304,1,1.0000000000,2.7477110000,-0.0316042900,0.0069206850,-0.0403224700,0.0505680600,-0.2327748000,0.9712151000,1,1.0000000000,3.0523680000,0.0318879600,0.0040825050,-0.0364331800,0.1414801000,-0.0370637700,0.9892470000,0.0316714000,0.0040921780,-0.0364464600,0.1411903000,-0.0377351900,0.9892631000,0.0000000000,
248312,1,1.0000000000,3.0734710000,-0.0319705800,0.0064336860,-0.0384727800,0.0261233000,-0.1966419000,0.9801273000,1,1.0000000000,3.1438290000,0.0313976300,0.0038239440,-0.0363089000,0.1352542000,0.0224304700,0.9905570000,0.0313974200,0.0038239600,-0.0363089000,0.1352542000,0.0224304700,0.9905570000,0.0000000000,
248337,1,1.0000000000,3.0206760000,-0.0330885900,0.0061718450,-0.0383237200,-0.1272901000,-0.1912860000,0.9732456000,1,1.0000000000,3.1744230000,0.0299535100,0.0028201750,-0.0326927500,-0.0111847000,0.0520630000,0.9985812000,0.0293239400,0.0028536380,-0.0327489800,-0.0123443900,0.0496522300,0.9986903000,0.0000000000,
248354,1,1.0000000000,2.8986660000,-0.0337543000,0.0064169770,-0.0401346800,-0.2082402000,-0.1977114000,0.9578863000,1,1.0000000000,3.1361850000,0.0296936100,0.0051983040,-0.0366243000,-0.1996787000,-0.1922019000,0.9608262000,0.0284165100,0.0052228240,-0.0366949500,-0.1998469000,-0.1923242000,0.9607667000,0.0000000000,
248371,1,1.0000000000,3.1092380000,-0.0343778800,0.0060133060,-0.0403710900,-0.3024621000,-0.2060410000,0.9306255000,1,1.0000000000,3.1199800000,0.0289247300,0.0050734860,-0.0360330800,-0.2691691000,-0.1942626000,0.9432974000,0.0259635200,0.0051174470,-0.0362360100,-0.2707411000,-0.1948122000,0.9427340000,0.0000000000,
248387,1,1.0000000000,2.9207920000,-0.0350723300,0.0051175080,-0.0407427800,-0.2946660000,-0.1762564000,0.9392048000,1,1.0000000000,3.2631990000,0.0282641800,0.0048995820,-0.0361461500,-0.3292572000,-0.2112904000,0.9202967000,0.0268748800,0.0049043740,-0.0362469800,-0.3284957000,-0.2105284000,0.9207433000,0.0000000000,
248396,1,1.0000000000,3.1482850000,-0.0352996400,0.0046765900,-0.0409705100,-0.3229721000,-0.2185853000,0.9208200000,1,1.0000000000,3.3650210000,0.0280835000,0.0047040410,-0.0361941200,-0.3188076000,-0.2084083000,0.9246230000,0.0274130900,0.0047037510,-0.0362446300,-0.3188506000,-0.2085133000,0.9245844000,0.0000000000,
248404,1,1.0000000000,3.1861270000,-0.0354407800,0.0040991370,-0.0411913000,-0.3033787000,-0.2248561000,0.9259596000,1,1.0000000000,3.1912990000,0.0280018200,0.0045014040,-0.0362327300,-0.3022329000,-0.2101302000,0.9297853000,0.0147009100,0.0044170690,-0.0372723100,-0.3024794000,-0.2132294000,0.9289992000,0.0000000000,
248412,1,1.0000000000,3.2032320000,-0.0357798000,0.0041468970,-0.0412300300,-0.2482782000,-0.3584935000,0.8999112000,1,1.0000000000,3.3259120000,0.0278888400,0.0043282470,-0.0362598000,-0.2772408000,-0.2174713000,0.9358652000,0.0250028400,0.0043200230,-0.0364850900,-0.2760629000,-0.2239692000,0.9346802000,0.0000000000,
248429,1,1.0000000000,-1.0000000000,-0.0351399400,0.0043896640,-0.0413739300,0.0000000000,0.0000000000,0.0000000000,1,1.0000000000,3.2119900000,0.0276569500,0.0039606630,-0.0363555500,-0.2366816000,-0.2094596000,0.9487405000,0.0276569500,0.0039606630,-0.0363555500,-0.2366816000,-0.2094596000,0.9487405000,0.0000000000,
248462,1,1.0000000000,-1.0000000000,-0.0351002200,0.0030897980,-0.0421920800,0.0000000000,0.0000000000,0.0000000000,1,1.0000000000,3.1952670000,0.0277724500,0.0031515500,-0.0364823300,-0.1771105000,-0.2320427000,0.9564456000,0.0277724500,0.0031515500,-0.0364823300,-0.1771105000,-0.2320427000,0.9564456000,0.0000000000,
248487,1,0.7090085000,-1.0000000000,-0.0347703700,0.0030786900,-0.0420475600,0.0000000000,0.0000000000,0.0000000000,1,0.7090085000,3.0058440000,0.0282705200,0.0030826420,-0.0363984400,-0.1179518000,-0.2148005000,0.9695092000,0.0282705200,0.0030826420,-0.0363984400,-0.1179518000,-0.2148005000,0.9695092000,0.0000000000,
248496,1,0.6902178000,-1.0000000000,-0.0345492700,0.0031950230,-0.0418439500,0.0000000000,0.0000000000,0.0000000000,1,0.6902178000,3.1305540000,0.0285369100,0.0032281950,-0.0363380600,-0.1206989000,-0.2319525000,0.9652097000,0.0285369100,0.0032281950,-0.0363380600,-0.1206989000,-0.2319525000,0.9652097000,0.0000000000,
248521,1,0.7817491000,2.8984530000,-0.0346967300,0.0017721710,-0.0419047700,-0.0461582500,-0.2114582000,0.9762965000,1,0.7817491000,3.0583500000,0.0289751900,0.0031888430,-0.0362877700,-0.0429388800,-0.2182650000,0.9749445000,0.0289749200,0.0031888430,-0.0362878000,-0.0429388800,-0.2182650000,0.9749445000,0.0000000000,
248537,1,0.7817491000,3.0431670000,-0.0346787300,0.0034303290,-0.0411330900,-0.0282137900,-0.4131818000,0.9102114000,1,0.7817491000,2.9765320000,0.0290639500,0.0030123900,-0.0363377700,-0.0258334100,-0.2247644000,0.9740706000,0.0290628200,0.0030124050,-0.0363378600,-0.0258334100,-0.2247644000,0.9740706000,0.0000000000,
248570,1,0.8397719000,2.3993840000,-0.0345371600,0.0040549170,-0.0408432600,-0.0113526500,-0.2945279000,0.9555755000,1,0.8397719000,3.0984500000,0.0292749800,0.0026352390,-0.0364409500,0.0319523800,-0.2552833000,0.9663382000,0.0292737900,0.0026352540,-0.0364410300,0.0319523800,-0.2552833000,0.9663382000,0.0000000000,
248604,1,0.8399824000,-1.0000000000,-0.0349536300,0.0041974790,-0.0413711400,0.0000000000,0.0000000000,0.0000000000,1,0.8399824000,3.0296170000,0.0290232600,0.0024272460,-0.0364924600,-0.0472266700,-0.2237125000,0.9735103000,0.0290232600,0.0024272460,-0.0364924600,-0.0472266700,-0.2237125000,0.9735103000,0.0000000000,
248612,1,0.9029640000,3.0263980000,-0.0349427300,0.0051217040,-0.0405686100,-0.0969708300,-0.2001368000,0.9749574000,1,0.9029640000,3.2120820000,0.0287449700,0.0023324430,-0.0365562400,-0.0943923400,-0.2194858000,0.9710386000,0.0287441600,0.0023324740,-0.0365562900,-0.0943923400,-0.2194858000,0.9710386000,0.0000000000,
248629,1,0.7886224000,3.0634460000,-0.0353502500,0.0051462860,-0.0406546200,-0.1590296000,-0.1871368000,0.9693758000,1,0.7886224000,3.2116240000,0.0281969600,0.0021054840,-0.0366978900,-0.1803904000,-0.2148450000,0.9598442000,0.0281966700,0.0021054990,-0.0366979100,-0.1803904000,-0.2148450000,0.9598442000,0.0000000000,
248654,1,0.7886224000,3.1476590000,-0.0354949800,0.0050326540,-0.0407413200,-0.2065452000,-0.1944601000,0.9589183000,1,0.7886224000,3.3670350000,0.0279417900,0.0028427430,-0.0364253900,-0.1923537000,-0.4128295000,0.8902651000,0.0279417600,0.0028427430,-0.0364254000,-0.1923537000,-0.4128295000,0.8902651000,0.0000000000,
248670,1,0.7034511000,3.1338350000,-0.0349965500,0.0048543700,-0.0406632900,-0.1913629000,-0.1847710000,0.9639709000,1,0.7034511000,3.1448820000,0.0280386200,0.0022770080,-0.0365067500,-0.0721445100,-0.3214764000,0.9441653000,0.0280384100,0.0022770230,-0.0365067600,-0.0721445100,-0.3214764000,0.9441653000,0.0000000000,
248687,1,0.6240803000,3.1282040000,-0.0347438800,0.0047159880,-0.0406571100,-0.1302809000,-0.1912099000,0.9728647000,1,0.6240803000,3.1397550000,0.0288454400,0.0014835210,-0.0368805400,-0.1220707000,-0.1728217000,0.9773594000,0.0288390500,0.0014838410,-0.0368809200,-0.1220707000,-0.1728217000,0.9773594000,0.0000000000,
248695,1,0.6681470000,3.0799870000,-0.0345888700,0.0046150210,-0.0406555200,-0.1158760000,-0.1996168000,0.9729984000,1,0.6681470000,3.1542660000,0.0291169500,0.0025791320,-0.0363386400,-0.1315617000,-0.4185957000,0.8985929000,0.0289909500,0.0025831610,-0.0363471800,-0.1315327000,-0.4181886000,0.8987867000,0.0000000000,
248720,1,0.7376941000,3.0226900000,-0.0341806800,0.0043450470,-0.0406968400,-0.1020211000,-0.2052324000,0.9733814000,1,0.7376941000,3.0517580000,0.0296077000,0.0016160130,-0.0367373400,-0.1055763000,-0.2046676000,0.9731212000,0.0271763300,0.0017200320,-0.0368882600,-0.1054550000,-0.2046995000,0.9731277000,0.0000000000,
248729,1,0.7376941000,3.1159060000,-0.0340977900,0.0043003390,-0.0407015600,-0.0982216700,-0.2046221000,0.9739006000,1,0.7376941000,3.1709590000,0.0297084400,0.0016983490,-0.0367117900,-0.0880898400,-0.1894550000,0.9779299000,0.0219746000,0.0020137330,-0.0371953800,-0.0893262000,-0.1912868000,0.9774611000,0.0000000000,
248745,1,0.8213240000,3.0056460000,-0.0340015400,0.0043710180,-0.0406526800,-0.0719307900,-0.1935448000,0.9784510000,1,0.8213240000,3.1228490000,0.0298655100,0.0020223390,-0.0366087200,-0.0932314200,-0.1869359000,0.9779381000,-0.0287352500,0.0041773530,-0.0403192300,-0.0736850800,-0.1929942000,0.9784292000,0.0000000000,
248762,1,0.8657347000,3.0713500000,-0.0339126000,0.0047085420,-0.0405464000,-0.0650181600,-0.2019973000,0.9772255000,1,0.8657347000,3.0379640000,0.0299368000,0.0025380100,-0.0364421700,-0.0674296500,-0.1654079000,0.9839174000,-0.0301657000,0.0045811620,-0.0403055600,-0.0651556600,-0.1998616000,0.9776554000,0.0000000000,
248787,1,0.8657347000,3.1994320000,-0.0338148400,0.0041838990,-0.0361884200,-0.0550543500,-0.1769582000,0.9826774000,1,0.8657347000,3.1738280000,0.0300687000,0.0033928530,-0.0358789700,-0.0654451300,-0.1932684000,0.9789608000,0.0300687000,0.0033928530,-0.0358789700,-0.0654451300,-0.1932684000,0.9789608000,0.0000000000,
248795,1,0.9231065000,3.1816100000,-0.0337749200,0.0036674650,-0.0335967300,-0.0651557400,-0.1675128000,0.9837145000,1,0.9231065000,3.1786960000,0.0300625500,0.0035804290,-0.0356580800,-0.0597998300,-0.1730060000,0.9831037000,0.0300625500,0.0035804290,-0.0356580800,-0.0597998300,-0.1730060000,0.9831037000,0.0000000000,
248820,1,1.0000000000,3.2433320000,-0.0339773900,0.0039243620,-0.0337082100,-0.0675054900,-0.1642318000,0.9841092000,1,1.0000000000,3.2519380000,0.0298935400,0.0037608190,-0.0349625600,-0.0472111100,-0.1743027000,0.9835597000,0.0298935400,0.0037608190,-0.0349625600,-0.0472111100,-0.1743027000,0.9835597000,0.0000000000,
248854,1,1.0000000000,3.2214360000,-0.0342541400,0.0037884370,-0.0340355700,-0.0483247500,-0.1604619000,0.9858583000,1,1.0000000000,3.0890200000,0.0296166200,0.0034953160,-0.0350275100,-0.0350194700,-0.1651790000,0.9856417000,0.0296166200,0.0034953160,-0.0350275100,-0.0350194700,-0.1651790000,0.9856417000,0.0000000000,
248887,1,1.0000000000,3.0431820000,-0.0342408000,0.0045944680,-0.0372662200,-0.0410161900,-0.1759210000,0.9835494000,1,1.0000000000,3.2105560000,0.0296451300,0.0031974490,-0.0350961900,-0.0478522200,-0.1768365000,0.9830763000,0.0296451300,0.0031974490,-0.0350961900,-0.0478522200,-0.1768365000,0.9830763000,0.0000000000,
248920,1,1.0000000000,3.1727910000,-0.0341216600,0.0036864020,-0.0337174400,-0.0287937300,-0.1702294000,0.9849837000,1,1.0000000000,3.0922550000,0.0296984700,0.0032251280,-0.0358195300,-0.0199434700,-0.1936057000,0.9808767000,0.0296984700,0.0032251280,-0.0358195300,-0.0199434700,-0.1936057000,0.9808767000,0.0000000000,
248929,1,1.0000000000,3.1190190000,-0.0338757800,0.0037462460,-0.0338776600,0.0146485000,-0.1961831000,0.9804579000,1,1.0000000000,3.0686950000,0.0297993200,0.0030164190,-0.0353960900,0.0143585700,-0.2028052000,0.9791138000,0.0297993200,0.0030164190,-0.0353960900,0.0143585700,-0.2028052000,0.9791138000,0.0000000000,
248937,1,1.0000000000,3.1626130000,-0.0336739200,0.0039307410,-0.0344321000,0.0577244300,-0.2088181000,0.9762494000,1,1.0000000000,2.9353790000,0.0299309200,0.0030865330,-0.0357614600,0.0635995800,-0.2181276000,0.9738457000,0.0299309200,0.0030865330,-0.0357614600,0.0635995800,-0.2181276000,0.9738457000,0.0000000000,
248945,1,1.0000000000,3.1534120000,-0.0334908000,0.0042892760,-0.0357242300,0.0980847000,-0.2178066000,0.9710508000,1,1.0000000000,3.0084840000,0.0299746100,0.0030997620,-0.0359642400,0.1167759000,-0.2287147000,0.9664642000,0.0299746100,0.0030997620,-0.0359642400,0.1167759000,-0.2287147000,0.9664642000,0.0000000000,
248954,1,1.0000000000,3.1524810000,-0.0334841300,0.0047202300,-0.0372002700,0.1192486000,-0.2308829000,0.9656464000,1,1.0000000000,2.8927150000,0.0300281800,0.0031177220,-0.0360063900,0.1294875000,-0.2378719000,0.9626266000,0.0300281800,0.0031177220,-0.0360063900,0.1294875000,-0.2378719000,0.9626266000,0.0000000000,
248962,1,1.0000000000,3.1376190000,-0.0336691100,0.0046009520,-0.0367625100,0.1228200000,-0.2273597000,0.9660346000,1,1.0000000000,2.8984680000,0.0299298400,0.0031406100,-0.0359897900,0.1352564000,-0.2379652000,0.9618099000,0.0299298400,0.0031406100,-0.0359897900,0.1352564000,-0.2379652000,0.9618099000,0.0000000000,
248970,1,1.0000000000,3.1089480000,-0.0339351200,0.0044838720,-0.0364515900,0.1143046000,-0.2246114000,0.9677211000,1,1.0000000000,2.6908870000,0.0297458800,0.0031320190,-0.0359159900,0.1220414000,-0.2440064000,0.9620638000,0.0297458800,0.0031320190,-0.0359159900,0.1220414000,-0.2440064000,0.9620638000,0.0000000000,
248979,1,1.0000000000,2.9158940000,-0.0341548900,0.0045443730,-0.0368423600,0.0941175400,-0.2192719000,0.9711136000,1,1.0000000000,2.8936000000,0.0294969500,0.0031004640,-0.0356439100,0.1266038000,-0.2433046000,0.9616519000,0.0294969500,0.0031004640,-0.0356439100,0.1266038000,-0.2433046000,0.9616519000,0.0000000000,
248995,1,1.0000000000,3.0405120000,-0.0346158900,0.0046824650,-0.0378025700,0.0752722500,-0.2289296000,0.9705284000,1,1.0000000000,2.8586730000,0.0289811600,0.0024630740,-0.0331975600,0.0951247000,-0.2320896000,0.9680319000,0.0289811600,0.0024630740,-0.0331975600,0.0951247000,-0.2320896000,0.9680319000,0.0000000000,
249004,1,1.0000000000,2.9807890000,-0.0349198500,0.0046447760,-0.0379002500,0.0701303200,-0.2244140000,0.9719672000,1,1.0000000000,2.9262540000,0.0287661100,0.0025870520,-0.0332474700,0.0866099000,-0.2355374000,0.9679984000,0.0287660800,0.0025870520,-0.0332474700,0.0866099000,-0.2355374000,0.9679984000,0.0000000000,
249029,1,0.9902738000,3.0574340000,-0.0356590700,0.0043464510,-0.0381651200,0.0394442800,-0.2295550000,0.9724961000,1,0.9902738000,3.0578770000,0.0280517600,0.0026906130,-0.0326943100,0.0280001100,-0.2402821000,0.9702992000,-0.0236395900,0.0040340730,-0.0371330100,0.0372927900,-0.2315846000,0.9720997000,0.0000000000,
249045,1,0.9902738000,3.0137480000,-0.0361708300,0.0041974030,-0.0382727100,0.0086212880,-0.2202930000,0.9753957000,1,0.9902738000,3.1419220000,0.0275792700,0.0030748900,-0.0334314600,0.0040589000,-0.2289311000,0.9734342000,-0.0361703200,0.0041973880,-0.0382726800,0.0086212880,-0.2202930000,0.9753957000,0.0000000000,
249062,1,1.0000000000,3.1511230000,-0.0365762000,0.0042419130,-0.0383335900,-0.0171664000,-0.2241855000,0.9743953000,1,1.0000000000,3.0895390000,0.0271512200,0.0037658540,-0.0352162900,-0.0172273200,-0.2240772000,0.9744191000,-0.0365762000,0.0042419130,-0.0383335900,-0.0171664000,-0.2241855000,0.9743953000,0.0000000000,
249079,1,1.0000000000,3.1180270000,-0.0363709400,0.0044762730,-0.0382006800,0.0203400400,-0.2059486000,0.9783514000,1,1.0000000000,3.0999300000,0.0273147600,0.0033220060,-0.0327628800,0.0172578800,-0.2238642000,0.9744675000,-0.0363709400,0.0044762730,-0.0382006800,0.0203400400,-0.2059486000,0.9783514000,0.0000000000,
249104,1,1.0000000000,3.0688930000,-0.0355478200,0.0040423890,-0.0338603700,0.1297933000,-0.1645992000,0.9777836000,1,1.0000000000,3.1976320000,0.0277797700,0.0028991850,-0.0300381900,0.1634240000,-0.1815364000,0.9697098000,0.0274471100,0.0029051820,-0.0300582700,0.1632412000,-0.1814452000,0.9697577000,0.0000000000,
249112,1,0.8908517000,3.1976170000,-0.0352458400,0.0042855070,-0.0338863400,0.1708533000,-0.1625830000,0.9717901000,1,0.8908517000,3.1703800000,0.0280255900,0.0028472140,-0.0294312800,0.2073071000,-0.1624308000,0.9646969000,0.0039968260,0.0033934330,-0.0311231900,0.1934975000,-0.1625068000,0.9675486000,0.0000000000,
249129,1,0.8908517000,3.0926820000,-0.0346468100,0.0046439060,-0.0334909100,0.2374306000,-0.1333792000,0.9622041000,1,0.8908517000,2.9513240000,0.0288750500,0.0043873450,-0.0342243800,0.2274805000,-0.1671466000,0.9593303000,0.0179356500,0.0044315340,-0.0340980700,0.2292052000,-0.1613485000,0.9599123000,0.0000000000,
249195,1,0.9453489000,3.1380770000,-0.0347183400,0.0051860960,-0.0319763200,0.3063528000,-0.0626988000,0.9498509000,1,0.9453489000,3.2826080000,0.0290728600,0.0048625340,-0.0344258100,0.2955358000,0.1439532000,0.9444237000,0.0290728600,0.0048625340,-0.0344258100,0.2955358000,0.1439532000,0.9444237000,0.0000000000,
249229,1,1.0000000000,3.2635800000,-0.0357377900,0.0048282780,-0.0317839800,0.2260009000,-0.0580757100,0.9723943000,1,1.0000000000,3.1786190000,0.0281637300,0.0043090820,-0.0332292000,0.2077955000,0.1615305000,0.9647429000,0.0281637300,0.0043090820,-0.0332292000,0.2077955000,0.1615305000,0.9647429000,0.0000000000,
249237,1,1.0000000000,3.3495790000,-0.0359190400,0.0048423470,-0.0320813900,0.1997857000,-0.0570685500,0.9781763000,1,1.0000000000,3.0938870000,0.0276612200,0.0043429870,-0.0290134000,0.2329420000,-0.0797734000,0.9692132000,0.0276511400,0.0043430790,-0.0290138900,0.2329420000,-0.0797734000,0.9692132000,0.0000000000,
249245,1,1.0000000000,3.1526030000,-0.0360488300,0.0049584810,-0.0327110900,0.1676186000,-0.0738376500,0.9830830000,1,1.0000000000,3.2698820000,0.0275364500,0.0042902220,-0.0292446100,0.2091552000,-0.0717173400,0.9752491000,0.0071487280,0.0045044860,-0.0303561000,0.1958800000,-0.0724192800,0.9779502000,0.0000000000,
249270,1,1.0000000000,3.2852940000,-0.0364722200,0.0045940100,-0.0324903100,0.1018527000,-0.0831300800,0.9913201000,1,1.0000000000,3.2070310000,0.0271810500,0.0036565860,-0.0286836600,0.1179371000,-0.0759442000,0.9901128000,-0.0364722200,0.0045940100,-0.0324903100,0.1018527000,-0.0831300800,0.9913201000,0.0000000000,
249279,1,1.0000000000,3.3159480000,-0.0365828300,0.0045461580,-0.0326998000,0.0740974800,-0.0957804500,0.9926408000,1,1.0000000000,3.3077240000,0.0271332700,0.0036933750,-0.0293189000,0.0906835300,-0.0801243900,0.9926513000,-0.0365828300,0.0045461580,-0.0326998000,0.0740974800,-0.0957804500,0.9926408000,0.0000000000,
249295,1,1.0000000000,3.3229220000,-0.0368798100,0.0043412170,-0.0327515300,0.0205079200,-0.1056524000,0.9941916000,1,1.0000000000,3.2845150000,0.0268827500,0.0036397250,-0.0302052900,0.0406498300,-0.0898294000,0.9951273000,-0.0368798100,0.0043412170,-0.0327515300,0.0205079200,-0.1056524000,0.9941916000,0.0000000000,
249304,1,1.0000000000,3.2830200000,-0.0370492300,0.0045158700,-0.0339262000,0.0118561400,-0.1066900000,0.9942217000,1,1.0000000000,3.2187500000,0.0267196100,0.0035085750,-0.0305306000,0.0084687140,-0.0968332600,0.9952646000,-0.0370492300,0.0045158700,-0.0339262000,0.0118561400,-0.1066900000,0.9942217000,0.0000000000,
249312,1,1.0000000000,3.3046260000,-0.0371207900,0.0045085300,-0.0341555300,-0.0076904720,-0.1036077000,0.9945886000,1,1.0000000000,3.3218380000,0.0266875300,0.0033309940,-0.0304193100,-0.0066071030,-0.0973212500,0.9952311000,-0.0371207400,0.0045085300,-0.0341555300,-0.0076904720,-0.1036077000,0.9945886000,0.0000000000,
249329,1,1.0000000000,3.3450620000,-0.0364981100,0.0042487790,-0.0332182000,0.0447088300,-0.1126571000,0.9926276000,1,1.0000000000,3.2249760000,0.0272000100,0.0031307220,-0.0301835600,0.0663610800,-0.1261761000,0.9897857000,-0.0364981100,0.0042487790,-0.0332182000,0.0447088300,-0.1126571000,0.9926276000,0.0000000000,
249337,1,1.0000000000,3.2563780000,-0.0361177700,0.0041726690,-0.0330157800,0.1104445000,-0.1171737000,0.9869510000,1,1.0000000000,3.3128660000,0.0275305800,0.0031760410,-0.0306699700,0.1200725000,-0.1377423000,0.9831631000,-0.0360991400,0.0041723790,-0.0330150900,0.1104594000,-0.1171886000,0.9869476000,0.0000000000,
249354,1,1.0000000000,3.0912930000,-0.0354005900,0.0044950870,-0.0343098800,0.1760739000,-0.1212330000,0.9768831000,1,1.0000000000,3.2483060000,0.0281137400,0.0034345400,-0.0320127100,0.2076120000,-0.1371008000,0.9685560000,-0.0190090800,0.0042213750,-0.0337170400,0.1842355000,-0.1253363000,0.9748580000,0.0000000000,
249370,1,0.9495686000,3.2206120000,-0.0350383000,0.0044554300,-0.0343735500,0.2420381000,-0.1332568000,0.9610724000,1,0.9495686000,3.1607210000,0.0284954600,0.0035188750,-0.0320916800,0.2537403000,-0.1574719000,0.9543681000,-0.0309316400,0.0043948980,-0.0342260600,0.2428011000,-0.1348285000,0.9606606000,0.0000000000,
249379,1,0.9718083000,3.1602480000,-0.0349059800,0.0043954770,-0.0344009400,0.2555721000,-0.1369490000,0.9570412000,1,0.9718083000,3.0323030000,0.0285160700,0.0034614560,-0.0321011800,0.3026776000,-0.1425954000,0.9423655000,-0.0336394800,0.0043768310,-0.0343550100,0.2565197000,-0.1370567000,0.9567722000,0.0000000000,
249387,1,0.9718083000,3.1636200000,-0.0347228100,0.0043982390,-0.0344877300,0.3179364000,-0.1215379000,0.9402898000,1,0.9718083000,3.0297700000,0.0287761700,0.0035439300,-0.0321858100,0.3098009000,-0.1518105000,0.9386037000,-0.0288147700,0.0043187570,-0.0342735600,0.3171904000,-0.1243614000,0.9401726000,0.0000000000,
249395,1,1.0000000000,3.2803500000,-0.0345649000,0.0043580320,-0.0345049500,0.3227721000,-0.1553054000,0.9336479000,1,1.0000000000,2.8765410000,0.0289516500,0.0035549470,-0.0322224000,0.3203441000,-0.1576849000,0.9340852000,0.0169055800,0.0037072600,-0.0326552900,0.3208053000,-0.1572288000,0.9340038000,0.0000000000,
249404,1,1.0000000000,3.1535490000,-0.0344335500,0.0042913820,-0.0345664700,0.3433109000,-0.1589829000,0.9256685000,1,1.0000000000,2.9037930000,0.0290451700,0.0035824740,-0.0322748900,0.3561123000,-0.1675275000,0.9193033000,0.0138081500,0.0037526400,-0.0328249500,0.3530622000,-0.1654836000,0.9208487000,0.0000000000,
249429,1,0.9923807000,3.0670010000,-0.0348776600,0.0041031190,-0.0344978500,0.2904671000,-0.1690373000,0.9418361000,1,0.9923807000,2.9354550000,0.0287956400,0.0037136840,-0.0321331000,0.3023719000,-0.1868919000,0.9346886000,0.0052669530,0.0038575900,-0.0330069300,0.2979915000,-0.1802995000,0.9373863000,0.0000000000,
249437,1,0.9566187000,3.0850680000,-0.0350483600,0.0040364230,-0.0344644000,0.2612793000,-0.1862509000,0.9471239000,1,0.9566187000,3.0224760000,0.0285301700,0.0036645360,-0.0320560900,0.3111277000,-0.1790320000,0.9333526000,0.0092706150,0.0037771760,-0.0327856300,0.2961140000,-0.1812603000,0.9377959000,0.0000000000,
249445,1,0.9984019000,3.1702880000,-0.0352085100,0.0039543610,-0.0344582100,0.2390015000,-0.1700919000,0.9560058000,1,0.9984019000,3.0874330000,0.0285316000,0.0037387850,-0.0320350300,0.2516071000,-0.2032511000,0.9462467000,0.0070756840,0.0038113560,-0.0328507100,0.2474088000,-0.1921256000,0.9496719000,0.0000000000,
249470,1,0.9900049000,3.2949520000,-0.0357718200,0.0038515930,-0.0344129100,0.1824205000,-0.1886156000,0.9649596000,1,0.9900049000,3.1599880000,0.0279847400,0.0037822880,-0.0319024500,0.1981840000,-0.2015105000,0.9592271000,-0.0274658100,0.0038425600,-0.0340858500,0.1844797000,-0.1902933000,0.9642384000,0.0000000000,
249479,1,0.9429208000,3.1786960000,-0.0359446100,0.0038154600,-0.0343992000,0.1612420000,-0.1873044000,0.9689778000,1,0.9429208000,3.1104740000,0.0277826700,0.0037578280,-0.0317354800,0.1957270000,-0.1969630000,0.9606751000,-0.0294353800,0.0038095710,-0.0341271200,0.1647657000,-0.1882949000,0.9681928000,0.0000000000,
249487,1,0.9429208000,3.0684810000,-0.0360984500,0.0038050840,-0.0343797800,0.1412513000,-0.1952677000,0.9705249000,1,0.9429208000,2.8536380000,0.0277378700,0.0038282620,-0.0318294700,0.1475392000,-0.2198057000,0.9643224000,-0.0295158600,0.0038074800,-0.0341167900,0.1419077000,-0.1978010000,0.9699160000,0.0000000000,
249495,1,0.9429208000,3.1957400000,-0.0362441600,0.0038219150,-0.0343489200,0.1198284000,-0.2012043000,0.9721924000,1,0.9429208000,3.1137390000,0.0275544600,0.0037122350,-0.0312662700,0.1389012000,-0.2227790000,0.9649228000,-0.0349877600,0.0038197630,-0.0342882100,0.1201950000,-0.2016322000,0.9720584000,0.0000000000,
249537,1,0.8679909000,-1.0000000000,-0.0364206500,0.0032038270,-0.0346655300,0.0000000000,0.0000000000,0.0000000000,1,0.8679909000,-1.0000000000,0.0270710300,0.0037474980,-0.0315549500,0.0000000000,0.0000000000,0.0000000000,0.0010000000,-0.0010000000,-0.0010000000,0.5773503000,-0.5773503000,-0.5773503000,0.0000000000,
249554,1,0.0000000000,-1.0000000000,-0.0364206500,0.0032038270,-0.0346655300,0.0000000000,0.0000000000,0.0000000000,1,0.0000000000,-1.0000000000,0.0268115400,0.0026343690,-0.0318699100,0.0000000000,0.0000000000,0.0000000000,0.0010000000,-0.0010000000,-0.0010000000,0.5773503000,-0.5773503000,-0.5773503000,0.0000000000,
