phase,trial,magnification,head_amp,eye_amp,gain_paired,gain_lstsq,offset_lstsq,r_squared
baseline,0,0.95,20.806998925798162,20.275099329353296,0.9744365057958755,0.971958516558963,0.29086528039504894,0.9980989719558949
baseline,1,1.08,19.010013840561268,20.46662282141706,1.076623246730513,1.0825691534494672,-0.5990008120913858,0.9931554123746714
baseline,2,0.9,18.529248780590166,17.048114955059184,0.9200650904378538,0.8993907434526555,-0.15767756491748325,0.9943916418847973
baseline,3,1.08,18.22694846934885,20.813611437254064,1.141914208637559,1.1073698826274598,0.603585389913286,0.9861405868416542
baseline,4,1.04,15.910792341948335,16.99152636189634,1.0679245883373565,1.0736133772630418,0.018605801419769384,0.9962697175373021
baseline,5,0.95,24.386470028702565,23.582696718204133,0.9670401944376369,0.9683409378877715,0.6657361223785949,0.9952796936135089
baseline,6,0.85,19.201037418824995,17.174177062064015,0.8944400600577022,0.8975626732167116,0.3775643562009568,0.9987491960083086
baseline,7,0.9,19.49503933365732,18.32255292676555,0.9398571920361543,0.9265262221052953,0.1368912931845856,0.998232995133804
baseline,8,0.9,18.662777614585085,19.854200407613355,1.0638395215135161,0.5949389180001976,-3.368109501014071,0.17027635348241688
baseline,9,1.04,20.907825591405715,21.922016590675817,1.0485077223758261,1.0530432099080902,0.3877707139263751,0.9951757052399797
baseline,10,0.9,23.45183647240843,21.52507649650702,0.9178418296508128,0.9091049539245502,0.2898235349716151,0.9968196327831462
baseline,11,1.04,18.923261480862454,20.141081879538977,1.0643557348667476,1.0570903932349114,-0.1397520797391076,0.9976259598562692
baseline,12,0.9,19.960300904190845,18.475820507052664,0.9256283557916454,0.9224306441673332,0.23957660440163803,0.9968642301086115
baseline,13,1.12,19.66161084846917,22.264430545640643,1.1323807961225174,1.1357858152838018,-0.18759360419909707,0.9973039880404697
baseline,14,1.04,18.75569122448338,19.50765908744238,1.0400927832495659,1.050073516254448,0.6448947963087426,0.9931902845803742
baseline,15,1.08,20.102934734947418,22.809816674448715,1.134651083296589,0.7473801053607977,-3.1045395414356216,0.14978853191364228
baseline,16,1.08,19.121060651591527,21.062012418081945,1.1015085827013924,1.0913765672904998,0.22920221201443594,0.9946945625748957
baseline,17,1.04,19.778517559038107,21.29197706333665,1.076520371144143,1.0700768775779939,0.06457155002958642,0.9977988384070463
baseline,18,1.12,21.18601602479349,24.248680569976468,1.144560664053063,1.13361568394877,0.09215620670758926,0.99722464509569
baseline,19,0.95,19.181574724750206,18.87743000913673,0.9841439131052658,0.9748330837840481,0.2718987917084644,0.9975380729446855
baseline,20,0.85,25.419268947187938,19.637501687172808,0.7725439204397437,0.6768540889280831,-3.663695456347035,0.8496765058112805
baseline,21,1.12,23.79799749952005,26.482397109300315,1.112799390361916,1.0253844810156374,-2.03537957782446,0.9193824955263582
baseline,22,0.9,23.63953139135242,21.2551798045243,0.899137104397072,0.8869274503049821,-1.0728645388577855,0.9910361295278906
baseline,23,0.95,23.420828337532704,22.489657960109188,0.9602417829120381,0.9619794020652425,-0.6873699235371974,0.9963718579577733
baseline,24,1.16,20.65597379632372,23.768873739298215,1.1507021636292216,1.1456714930707843,-0.7813157589659449,0.9919772485517485
baseline,25,0.8,22.538122288241098,19.30591199840985,0.8565891937005949,0.8528239259817304,-0.1569272813901052,0.9985257253100482
baseline,26,1.0,21.093929437651155,21.742320913096886,1.030738297355276,1.0062207866402326,0.33386149527308934,0.9948241215113502
baseline,27,1.12,20.39202733465749,23.036055714416136,1.1296599075887348,1.1146741123005932,0.41143685942706204,0.9928496097464711
baseline,28,1.04,17.16216271183376,18.350225743378516,1.0692257177311084,1.0651788944974485,0.31757735297490314,0.997896322997099
baseline,29,0.9,20.173906431405662,18.29173535760465,0.9067026963666814,0.8306043803215382,-0.008320205380710374,0.9554380010018906
baseline,30,0.95,23.8555112088525,22.58101762663497,0.9465744594169677,0.9524920526803796,0.29078827404768215,0.995313029521691
baseline,31,1.0,22.23500276225295,22.366126984358804,1.0058971983726692,0.9089329479455728,0.861843779342376,0.9912996942616684
baseline,32,1.04,21.00628817262691,21.996706203252653,1.047148645324039,1.0564868074499383,-1.5735421370204645,0.9933277737621471
baseline,33,1.0,16.519169977340106,19.947736053779032,1.2075507474735114,0.34620925125101226,-9.185944557205632,0.02518893369836739
baseline,34,1.16,22.751180566372007,26.16185647957304,1.149912040970844,1.1306573822424322,-0.5041366245245139,0.9955079137856742
baseline,35,1.12,24.45932365156189,27.544645112944394,1.1261409148239259,1.125861054718121,-0.8154378002726332,0.9977923328618967
baseline,36,1.04,18.7120184254892,22.50893816185606,1.2029134244114872,0.6632371191090685,-0.8953777332642522,0.2405136525248205
baseline,37,1.12,19.811258250584977,21.813925330366217,1.101087323906956,1.1288343736267532,0.30852085389576944,0.9971321821104897
baseline,38,1.0,20.535931519963185,21.353761691162354,1.039824352277575,1.0311956119478103,0.060690417120132276,0.9962827577129026
baseline,39,1.08,20.0065974895577,22.304507686065932,1.114857621227578,1.0663691705517069,-0.22803563774957705,0.9942045058635854
baseline,40,1.08,19.136550903711644,22.69099731023858,1.1857412249684727,1.025442172259443,-4.408260802264231,0.28001574431691056
baseline,41,1.08,21.427268346078172,21.67851487172129,1.0117255509001504,0.9869809757641921,0.3563209505298377,0.9815935728622969
baseline,42,1.0,19.256181609920773,19.966941795216467,1.0369107541512546,1.0156440293359423,0.0341451681199366,0.9983154663860119
baseline,43,0.95,19.57139622011121,19.15814559035185,0.9788849694159933,0.959255170654959,0.42296576727837115,0.9969506721463021
baseline,44,0.9,18.05971232086905,17.072435189415025,0.9453326213666665,0.9126964600240743,0.05932893969165055,0.9966741307387942
baseline,45,1.08,22.425925971732998,24.04125936630355,1.072029730081452,1.0692185677157868,-0.7221007842371608,0.9985748172978314
baseline,46,1.12,19.873462036065774,22.30524340107856,1.12236324806416,1.1011148944160394,-0.16741856286487367,0.9966980453306856
baseline,47,0.95,21.60774649495454,21.40199212699612,0.9904777498196554,0.990177963976032,-0.4424845357228758,0.9984927178674448
baseline,48,1.2,15.996157337058744,17.927560939566543,1.1207417232658285,1.1109042084126417,-0.35199343019691154,0.9929498450571753
baseline,49,1.12,20.924604519842283,22.51615537196549,1.0760612154277027,1.0856373695990358,-0.2254723217410135,0.9931525635028389
baseline,50,1.0,20.83488463310327,21.473408127647104,1.0306468457007592,1.0284753550092456,-0.627555995046349,0.9973508635995468
baseline,51,0.95,21.035820702643996,19.473682297649127,0.9257391272212867,0.9356698455786954,-0.036777154884181394,0.9967627725790256
baseline,52,1.2,19.449170506321764,21.788120900467582,1.1202596477513302,1.1170031679907406,-0.2529658799160283,0.9891239129574882
baseline,53,1.0,19.825580635643778,20.099401660898323,1.0138115009233197,1.0095472876858256,-0.25551986834594514,0.996864766095171
baseline,54,0.8,20.82381886520095,17.950687805120367,0.8620266974718109,0.8476680725682925,0.03877768533263323,0.9987175299167573
baseline,55,1.0,19.939124349051923,19.22361426279142,0.9641152703732184,0.9396381940252838,0.42531998334458165,0.9856567867135183
aftereffect,0,1.0,15.71385163968985,16.05967245719022,1.0220073872039686,1.0101750254019057,-0.48574168159187464,0.9844203247780109
aftereffect,1,1.08,18.309848652778214,20.20786259986179,1.1036608211830077,1.1061816425166813,-1.7735023761042596,0.9972294677338809
aftereffect,2,1.04,17.602256939056183,18.437802934269754,1.0474681171912477,1.0254743058968605,-1.92152180683173,0.990297267810578
aftereffect,3,0.95,16.23435001265898,16.308063208505647,1.004540569581732,0.9928898956787406,-0.6426655150483668,0.9971920040558363
aftereffect,4,1.16,17.210160845692513,19.7900326011422,1.1499039886135287,1.1355749440322045,-1.0590371139987216,0.9944957616858627
aftereffect,5,1.0,21.04302817889004,21.41164009090461,1.0175170564274751,0.9918203689228622,1.4070544732801313,0.9935660574439316
aftereffect,6,1.08,18.743270797154242,19.296553086844693,1.0295189828754143,0.9791497062709561,-2.2184916390227922,0.94566455640785
aftereffect,7,0.9,16.664320201709486,15.82401313695465,0.9495744768113232,0.9559034576679389,-0.15759705093193124,0.9987213744791694
aftereffect,8,0.95,18.884972599589272,18.558629792521714,0.982719445032467,0.9940602577435587,-0.6365908652214148,0.9908784254307368
aftereffect,9,1.08,18.20019646849911,18.746397301744377,1.0300107108288985,1.0395503422415706,-0.4584324129990376,0.9897836784996539
aftereffect,10,1.0,20.7582988851771,22.0336811263327,1.061439631841235,0.9621702262228027,-1.4854504710945347,0.9825019950862787
aftereffect,11,1.0,20.86689730631352,21.55551669088076,1.0330005642170335,0.9747321493435742,0.27169352357974325,0.9920961308017757
aftereffect,12,1.08,20.849991675455552,21.778813048734435,1.0445478054733366,1.011976659752935,-1.268784624676721,0.9885016816394367
aftereffect,13,1.04,17.567740060033316,18.3017962670848,1.041784327667818,1.047522378897662,-1.0743418960906053,0.9966096747879292
aftereffect,14,1.04,18.81769443333912,19.13249579215974,1.0167290078992297,0.979377469589037,-0.16738040488010414,0.986515024681902
aftereffect,15,1.16,22.268817325852943,25.05745201600474,1.1252259897481998,1.1310859876175023,0.08394648781245252,0.9976655919848787
aftereffect,16,0.9,26.734495924265694,24.405138401791348,0.9128707147098257,0.9008112811097672,-1.2268163914329089,0.9809579586370119
aftereffect,17,1.0,21.25561596868177,23.305970445137426,1.0964617764771751,0.7828340928987432,-4.320145546302374,0.29238335930713155
aftereffect,18,0.9,22.723935135850827,21.463937976729554,0.9445519822342119,0.9299874198763494,0.3418194622230429,0.9986462076537123
aftereffect,19,1.04,19.571626955079054,20.506848976885397,1.0477845824444167,1.0381816175219196,0.544821492261654,0.9963437346964454
aftereffect,20,1.12,20.493435873949863,23.05526140310843,1.125007126424077,1.080313351172069,-0.16895107792744837,0.9943233859971339
aftereffect,21,1.0,17.55725494365686,17.693304379855284,1.0077489013308185,0.9636752382676113,0.9775698900719391,0.9859615042319406
aftereffect,22,1.12,21.589425576600355,22.995747200143782,1.0651393719834614,1.0723028204788523,-0.3986260932500756,0.9929562247780045
aftereffect,23,1.12,22.15848651407903,24.72089869493985,1.1156402166381139,1.1247986597372497,-0.30884389603676604,0.9970424643262685
aftereffect,24,0.95,21.374300650462253,21.125583657241457,0.9883637365597074,0.958382809053893,0.5789850789280262,0.9966313149496842
aftereffect,25,1.12,22.04330916017735,25.143508174938553,1.140641270883317,1.1202771324493443,-0.31767251407697056,0.996909315840941
aftereffect,26,0.95,24.55940895878665,24.487359826549493,0.9970663328112633,0.9758663572937125,0.8729577140739215,0.99899511033044
aftereffect,27,1.0,23.351517292722257,23.896879369893803,1.0233544600265232,1.0143836576929661,-1.3502857234919814,0.9981494522156956
aftereffect,28,0.8,22.1802836523525,18.790349986103696,0.8471645485070585,0.8441231970967784,-0.6887125209265682,0.9968294925612297
aftereffect,29,0.85,21.758331099649002,19.17359570331356,0.8812070932969147,0.8595641952516626,-0.0022416048945026346,0.9964618150357241
aftereffect,30,1.12,25.58734859282862,19.008851689289735,0.7429004072198929,0.8830251231612004,-1.0427941213065368,0.8932768635016503
aftereffect,31,0.95,19.802861889929694,19.007461244733403,0.959834055823983,0.9152411246454121,0.7604304700691782,0.9625628702318808
aftereffect,32,0.9,20.206552682789503,14.752884325830731,0.7301039696096298,0.6912324661098,-0.960403586155477,0.9426997279793239
aftereffect,33,1.12,18.34428668331359,17.191302228519152,0.9371474904040166,0.7812350026446405,-2.347014594921009,0.8126893497998031
aftereffect,34,1.12,17.672518441468164,20.481196170966868,1.1589291157794581,0.9785418178978906,1.4656104289095249,0.875883159410189
aftereffect,35,1.08,20.349459309741164,21.03658403151609,1.0337662397470189,1.0397577161104807,-0.15520679866503848,0.993355308850374
aftereffect,36,1.04,17.79722016850488,18.503666311590006,1.0396941846196464,1.0535674349520385,-0.010554633425375026,0.9976122385854259
aftereffect,37,1.04,19.036666671868826,20.174485843661884,1.0597698741804653,1.0493251603266542,-0.6150019960085957,0.9980312002720919
aftereffect,38,0.9,18.71652442403073,17.3384436837475,0.9263709057802489,0.9215720986917183,-0.14313775387823877,0.9977198332497812
aftereffect,39,0.95,20.37074379087168,19.47325896285941,0.9559424615406317,0.9482853149497592,-0.39211249514456586,0.9959143430064453
aftereffect,40,0.9,19.106052375269694,17.6522878340584,0.9239107842553073,0.917489320507796,0.3552437000908562,0.998728923997561
aftereffect,41,1.2,21.878845691821947,26.00726118742231,1.1886943924625564,1.1706920889428405,0.13168474106862454,0.9966803616111153
aftereffect,42,0.95,21.029575953496508,20.512499790453788,0.9754119548493916,0.9671837474670215,-0.20014317633173387,0.9980781772725144
aftereffect,43,1.08,19.985679302915685,21.165439228095543,1.05903026398546,1.0402801847760181,-0.4778709004016219,0.99546349872509
aftereffect,44,0.95,19.808743477606484,18.991598893344026,0.9587482878363169,0.9683613421349552,0.6514210042081102,0.9991156522283418
aftereffect,45,1.04,19.333130233646685,20.724978601217874,1.0719929132401367,1.030531366382676,-0.004728143433940864,0.9959165554073907
aftereffect,46,1.2,18.77111622817057,22.225817147958082,1.1840434462071523,1.1222055870018697,-0.6320885516359476,0.9945203174407137
aftereffect,47,1.08,20.728747700031118,22.22295420867476,1.0720837809532218,1.086295262194488,-0.48732242220878336,0.9961981365879645
aftereffect,48,1.0,22.944243373472272,26.24111657912629,1.1436906483247038,0.5401791382569507,-6.404519903793518,0.06635431745161724
aftereffect,49,1.12,20.26547022367256,21.674423467179956,1.0695248236510972,1.1004326370867399,-0.6580184646087455,0.9966048568194354
aftereffect,50,0.8,20.80992782949568,17.848316929155082,0.8576827884937277,0.8644392893805036,-1.0601489163812257,0.9944516390584127
aftereffect,51,1.08,19.054445176492635,20.067286552265386,1.0531551229327993,0.9937210571052117,-0.40462288964341897,0.9865681389196123
aftereffect,52,0.9,18.746659595793155,17.028820874222536,0.9083656097347546,0.9000865972761601,0.32758787039086884,0.9956668452634004
aftereffect,53,1.04,18.87515596912658,19.323099655392728,1.0237319197255288,1.025053106004547,-0.021394261452669722,0.9971564906819869
aftereffect,54,0.85,22.623861140438315,19.792884126024436,0.8748676454102816,0.8794502440543255,0.3793742433332395,0.9960520255460515
aftereffect,55,0.9,21.18760883797124,19.83128754198743,0.935985164425299,0.9227271927073272,0.4395658969588626,0.9981573215859787
